Stim,Trigger
0.0,1.0
0.12566287931117903,0.0
0.2513207976670522,0.0
0.3769687943081635,0.0
0.5026019088667496,0.0
0.6282151815625657,0.0
0.7538036533986908,0.0
0.879362366357298,0.0
1.004886363595391,0.0
1.1303706896404906,0.0
1.2558103905862672,0.0
1.3812005142881159,0.0
1.5065361105586543,0.0
1.631812231363151,0.0
1.7570239310148632,0.0
1.8821662663702865,0.0
2.007234297024298,0.0
2.132223085505198,0.0
2.2571276974696337,0.0
2.3819432018973945,0.0
2.5066646712860847,0.0
2.63128718184565,0.0
2.7558058136927617,0.0
2.8802156510450434,0.0
3.0045117824151415,0.0
3.1286893008046173,0.0
3.2527433038976716,0.0
3.3766688942546774,0.0
3.5004611795055207,0.0
3.624115272542747,0.0
3.7476262917144925,0.0
3.870989361017205,0.0
3.9941996102881405,0.0
4.117252175397627,0.0
4.2401421984410925,0.0
4.362864827930851,0.0
4.485415218987623,0.0
4.607788533531812,0.0
4.729979940474493,0.0
4.851984615908148,0.0
4.973797743297094,0.0
5.095414513667643,0.0
5.216830125797939,0.0
5.338039786407512,0.0
5.459038710346505,0.0
5.579822120784586,0.0
5.700385249399522,0.0
5.820723336565436,0.0
5.940831631540698,0.0
6.060705392655478,0.0
6.180339887498948,0.0
6.2997303931060955,0.0
6.418872196144189,0.0
6.537760593098849,0.0
6.656390890459733,0.0
6.774758404905828,0.0
6.892858463490342,0.0
7.010686403825179,0.0
7.128237574265014,0.0
7.245507334090914,0.0
7.362491053693559,0.0
7.479184114756009,0.0
7.595581910436021,0.0
7.71167984554793,0.0
7.827473336744049,0.0
7.942957812695612,0.0
8.058128714273252,0.0
8.17298149472698,0.0
8.287511619865683,0.0
8.401714568236125,0.0
8.515585831301454,0.0
8.629120913619179,0.0
8.742315333018658,0.0
8.855164620778028,0.0
8.967664321800644,0.0
9.079809994790935,0.0
9.191597212429755,0.0
9.303021561549166,0.0
9.414078643306652,0.0
9.524764073358782,0.0
9.635073482034304,0.0
9.745002514506645,0.0
9.85454683096583,0.0
9.963702106789816,0.0
10.072464032715216,0.0
10.180828315007425,0.0
10.288790675630128,0.0
10.396346852414188,0.0
10.503492599225915,0.0
10.610223686134681,0.0
10.716535899579933,0.0
10.822425042537516,0.0
10.927886934685382,0.0
11.032917412568604,0.0
11.137512329763759,0.0
11.24166755704261,0.0
11.34537898253513,0.0
11.448642511891817,0.0
11.55145406844535,0.0
11.65380959337152,0.0
11.755705045849464,0.0
11.857136403221185,0.0
11.958099661150376,0.0
12.058590833780494,0.0
12.158605953892108,0.0
12.25814107305953,0.0
12.357192261806686,0.0
12.455755609762251,0.0
12.55382722581401,0.0
12.651403238262489,0.0
12.748479794973795,0.0
12.845053063531687,0.0
12.941119231388885,0.0
13.036674506017574,0.0
13.131715115059128,0.0
13.226237306473037,0.0
13.320237348685032,0.0
13.4137115307344,0.0
13.506656162420489,0.0
13.599067574448382,0.0
13.690942118573775,0.0
13.78227616774697,0.0
13.873066116256098,0.0
13.963308379869453,0.0
14.052999395976984,0.0
14.142135623730951,0.0
14.230713544185708,0.0
14.318729660436622,0.0
14.40618049775814,0.0
14.493062603740931,0.0
14.579372548428232,0.0
14.665106924451202,0.0
14.750262347163478,0.0
14.834835454774783,0.0
14.918822908483643,0.0
15.00222139260919,0.0
15.085027614722076,0.0
15.167238305774438,0.0
15.248850220228958,0.0
15.329860136186998,0.0
15.410264855515784,0.0
15.490061203974676,0.0
15.56924603134047,0.0
15.647816211531762,0.0
15.725768642732378,0.0
15.803100247513807,0.0
15.879807972956705,0.0
15.95588879077142,0.0
16.03133969741753,0.0
16.106157714222437,0.0
16.18033988749895,0.0
16.25388328866188,0.0
16.326785014343677,0.0
16.399042186509046,0.0
16.47065195256855,0.0
16.541611485491238,0.0
16.611917983916253,0.0
16.681568672263424,0.0
16.750560800842834,0.0
16.81889164596338,0.0
16.8865585100403,0.0
16.95355872170166,0.0
17.019889635893836,0.0
17.0855486339859,0.0
17.150533123873046,0.0
17.214840540078875,0.0
17.278468343856705,0.0
17.3414140232898,0.0
17.403675093390515,0.0
17.465249096198402,0.0
17.526133600877273,0.0
17.586326203811126,0.0
17.645824528699066,0.0
17.704626226649104,0.0
17.76272897627089,0.0
17.820130483767358,0.0
17.876828483025275,0.0
17.932820735704716,0.0
17.988105031327418,0.0
18.042679187364058,0.0
18.096541049320393,0.0
18.14968849082234,0.0
18.20211941369991,0.0
18.253831748070056,0.0
18.30482345241835,0.0
18.355092513679622,0.0
18.404636947317407,0.0
18.453454797402294,0.0
18.501544136689162,0.0
18.548903066693224,0.0
18.59552971776503,0.0
18.64142224916422,0.0
18.68657884913224,0.0
18.730997734963847,0.0
18.77467715307748,0.0
18.817615379084508,0.0
18.85981071785729,0.0
18.901261503596096,0.0
18.941966099894884,0.0
18.98192289980589,0.0
19.02113032590307,0.0
19.059586830344376,0.0
19.097290894932858,0.0
19.13424103117661,0.0
19.170435780347518,0.0
19.20587371353886,0.0
19.240553431721715,0.0
19.274473565800193,0.0
19.30763277666548,0.0
19.3400297552487,0.0
19.37166322257262,0.0
19.402531929802116,0.0
19.432634658293477,0.0
19.46197021964253,0.0
19.49053745573154,0.0
19.518335238774945,0.0
19.54536247136387,0.0
19.571618086509442,0.0
19.597101047684937,0.0
19.62181034886668,0.0
19.645745014573773,0.0
19.668904099906594,0.0
19.691286690584107,0.0
19.712891902979962,0.0
19.733718884157362,0.0
19.753766811902757,0.0
19.77303489475828,0.0
19.79152237205302,0.0
19.809228513933025,0.0
19.826152621390133,0.0
19.842294026289558,0.0
19.857652091396275,0.0
19.872226210400168,0.0
19.886015807939977,0.0
19.899020339626002,0.0
19.9112392920616,0.0
19.92267218286345,0.0
19.933318560680597,0.0
19.94317800521228,0.0
19.952250127224506,0.0
19.960534568565432,0.0
19.9680310021795,0.0
19.974739132120348,0.0
19.980658693562493,0.0
19.985789452811783,0.0
19.990131207314633,0.0
19.993683785666,0.0
19.99644704761618,0.0
19.99842088407632,0.0
19.999605217122742,0.0
20.0,0.0
19.999605217122742,0.0
19.99842088407632,0.0
19.99644704761618,0.0
19.993683785666,0.0
19.990131207314633,0.0
19.985789452811783,0.0
19.980658693562493,0.0
19.974739132120348,0.0
19.9680310021795,0.0
19.960534568565432,0.0
19.952250127224506,0.0
19.94317800521228,0.0
19.933318560680597,0.0
19.92267218286345,0.0
19.9112392920616,0.0
19.899020339626002,0.0
19.886015807939977,0.0
19.872226210400168,0.0
19.857652091396275,0.0
19.842294026289558,0.0
19.826152621390133,0.0
19.809228513933025,0.0
19.79152237205302,0.0
19.773034894758283,0.0
19.753766811902757,0.0
19.733718884157362,0.0
19.712891902979962,0.0
19.691286690584107,0.0
19.66890409990659,0.0
19.645745014573773,0.0
19.62181034886668,0.0
19.597101047684937,0.0
19.571618086509442,0.0
19.54536247136387,0.0
19.51833523877495,0.0
19.49053745573154,0.0
19.46197021964253,0.0
19.43263465829348,0.0
19.402531929802116,0.0
19.37166322257262,0.0
19.3400297552487,0.0
19.30763277666548,0.0
19.274473565800193,0.0
19.240553431721718,0.0
19.20587371353886,0.0
19.170435780347518,0.0
19.134241031176607,0.0
19.09729089493286,0.0
19.059586830344376,0.0
19.021130325903073,0.0
18.98192289980589,0.0
18.941966099894888,0.0
18.9012615035961,0.0
18.85981071785729,0.0
18.81761537908451,0.0
18.77467715307748,0.0
18.730997734963847,0.0
18.686578849132243,0.0
18.64142224916422,0.0
18.59552971776503,0.0
18.548903066693228,0.0
18.501544136689162,0.0
18.453454797402298,0.0
18.404636947317407,0.0
18.355092513679626,0.0
18.304823452418354,0.0
18.253831748070056,0.0
18.202119413699915,0.0
18.14968849082234,0.0
18.096541049320393,0.0
18.042679187364055,0.0
17.988105031327425,0.0
17.93282073570472,0.0
17.876828483025278,0.0
17.820130483767358,0.0
17.762728976270893,0.0
17.704626226649108,0.0
17.645824528699066,0.0
17.58632620381113,0.0
17.52613360087727,0.0
17.465249096198406,0.0
17.403675093390515,0.0
17.341414023289804,0.0
17.27846834385671,0.0
17.214840540078875,0.0
17.150533123873043,0.0
17.0855486339859,0.0
17.01988963589384,0.0
16.95355872170167,0.0
16.886558510040302,0.0
16.818891645963383,0.0
16.750560800842834,0.0
16.681568672263424,0.0
16.611917983916253,0.0
16.541611485491234,0.0
16.470651952568552,0.0
16.399042186509043,0.0
16.32678501434368,0.0
16.253883288661882,0.0
16.18033988749895,0.0
16.10615771422244,0.0
16.03133969741753,0.0
15.955888790771425,0.0
15.879807972956705,0.0
15.803100247513811,0.0
15.72576864273238,0.0
15.647816211531765,0.0
15.56924603134047,0.0
15.490061203974676,0.0
15.410264855515784,0.0
15.329860136186998,0.0
15.248850220228963,0.0
15.16723830577444,0.0
15.08502761472208,0.0
15.002221392609192,0.0
14.918822908483644,0.0
14.834835454774787,0.0
14.750262347163478,0.0
14.665106924451198,0.0
14.579372548428228,0.0
14.493062603740931,0.0
14.406180497758141,0.0
14.31872966043662,0.0
14.23071354418571,0.0
14.142135623730951,0.0
14.052999395976984,0.0
13.963308379869453,0.0
13.873066116256105,0.0
13.782276167746975,0.0
13.69094211857377,0.0
13.59906757444838,0.0
13.50665616242049,0.0
13.413711530734403,0.0
13.320237348685033,0.0
13.226237306473045,0.0
13.131715115059135,0.0
13.036674506017574,0.0
12.941119231388885,0.0
12.84505306353169,0.0
12.748479794973797,0.0
12.65140323826249,0.0
12.553827225814011,0.0
12.455755609762258,0.0
12.357192261806686,0.0
12.258141073059527,0.0
12.158605953892112,0.0
12.058590833780498,0.0
11.958099661150381,0.0
11.857136403221187,0.0
11.755705045849465,0.0
11.653809593371523,0.0
11.551454068445352,0.0
11.448642511891816,0.0
11.345378982535134,0.0
11.241667557042616,0.0
11.137512329763757,0.0
11.0329174125686,0.0
10.927886934685384,0.0
10.822425042537517,0.0
10.716535899579933,0.0
10.610223686134688,0.0
10.503492599225922,0.0
10.396346852414187,0.0
10.288790675630127,0.0
10.180828315007428,0.0
10.072464032715217,0.0
9.963702106789817,0.0
9.85454683096583,0.0
9.745002514506654,0.0
9.635073482034304,0.0
9.52476407335878,0.0
9.414078643306656,0.0
9.303021561549171,0.0
9.191597212429759,0.0
9.079809994790937,0.0
8.967664321800653,0.0
8.85516462077803,0.0
8.742315333018658,0.0
8.629120913619177,0.0
8.515585831301458,0.0
8.40171456823613,0.0
8.287511619865686,0.0
8.172981494726983,0.0
8.058128714273256,0.0
7.942957812695612,0.0
7.827473336744047,0.0
7.711679845547938,0.0
7.595581910436028,0.0
7.479184114756006,0.0
7.362491053693555,0.0
7.245507334090916,0.0
7.128237574265016,0.0
7.01068640382518,0.0
6.892858463490349,0.0
6.774758404905835,0.0
6.65639089045973,0.0
6.537760593098846,0.0
6.418872196144195,0.0
6.299730393106099,0.0
6.18033988749895,0.0
6.060705392655481,0.0
5.940831631540707,0.0
5.820723336565435,0.0
5.700385249399521,0.0
5.579822120784591,0.0
5.459038710346508,0.0
5.338039786407514,0.0
5.216830125797941,0.0
5.095414513667653,0.0
4.973797743297096,0.0
4.851984615908148,0.0
4.729979940474492,0.0
4.607788533531817,0.0
4.485415218987629,0.0
4.3628648279308555,0.0
4.240142198441096,0.0
4.1172521753976286,0.0
3.994199610288141,0.0
3.8709893610172053,0.0
3.7476262917145005,0.0
3.6241152725427535,0.0
3.5004611795055176,0.0
3.376668894254673,0.0
3.2527433038976756,0.0
3.1286893008046195,0.0
3.0045117824151424,0.0
2.8802156510450434,0.0
2.7558058136927692,0.0
2.631287181845648,0.0
2.5066646712860816,0.0
2.3819432018974,0.0
2.2571276974696373,0.0
2.132223085505201,0.0
2.0072342970243,0.0
1.8821662663702958,0.0
1.757023931014863,0.0
1.6318122313631496,0.0
1.5065361105586519,0.0
1.3812005142881212,0.0
1.2558103905862716,0.0
1.1303706896404937,0.0
1.0048863635954022,0.0
0.879362366357299,0.0
0.7538036533986907,0.0
0.6282151815625647,0.0
0.5026019088667563,0.0
0.3769687943081692,0.0
0.25132079766705673,0.0
0.12566287931117365,0.0
2.4492935982947065e-15,0.0
-0.12566287931117764,0.0
-0.25132079766705184,0.0
-0.3769687943081554,0.0
-0.5026019088667425,0.0
-0.6282151815625687,0.0
-0.7538036533986947,0.0
-0.8793623663572941,0.0
-1.0048863635953884,0.0
-1.1303706896404888,0.0
-1.255810390586267,0.0
-1.3812005142881076,0.0
-1.5065361105586559,0.0
-1.6318122313631536,0.0
-1.757023931014858,0.0
-1.882166266370282,0.0
-2.0072342970242945,0.0
-2.132223085505196,0.0
-2.257127697469624,0.0
-2.3819432018973945,0.0
-2.5066646712860856,0.0
-2.6312871818456522,0.0
-2.7558058136927555,0.0
-2.880215651045039,0.0
-3.0045117824151375,0.0
-3.128689300804606,0.0
-3.2527433038976703,0.0
-3.376668894254677,0.0
-3.500461179505522,0.0
-3.62411527254274,0.0
-3.7476262917144867,0.0
-3.8709893610172004,0.0
-3.994199610288145,0.0
-4.117252175397624,0.0
-4.240142198441091,0.0
-4.36286482793085,0.0
-4.485415218987615,0.0
-4.607788533531804,0.0
-4.729979940474496,0.0
-4.851984615908152,0.0
-4.973797743297092,0.0
-5.09541451366764,0.0
-5.216830125797936,0.0
-5.33803978640751,0.0
-5.459038710346496,0.0
-5.579822120784586,0.0
-5.700385249399524,0.0
-5.820723336565431,0.0
-5.940831631540694,0.0
-6.060705392655476,0.0
-6.1803398874989455,0.0
-6.299730393106086,0.0
-6.418872196144189,0.0
-6.5377605930988505,0.0
-6.656390890459734,0.0
-6.774758404905822,0.0
-6.892858463490336,0.0
-7.010686403825176,0.0
-7.12823757426502,0.0
-7.245507334090911,0.0
-7.362491053693558,0.0
-7.479184114756009,0.0
-7.595581910436015,0.0
-7.711679845547925,0.0
-7.827473336744043,0.0
-7.9429578126956155,0.0
-8.05812871427325,0.0
-8.17298149472698,0.0
-8.287511619865683,0.0
-8.401714568236125,0.0
-8.515585831301445,0.0
-8.629120913619182,0.0
-8.742315333018661,0.0
-8.855164620778027,0.0
-8.96766432180064,0.0
-9.079809994790933,0.0
-9.191597212429755,0.0
-9.303021561549158,0.0
-9.414078643306652,0.0
-9.524764073358783,0.0
-9.635073482034308,0.0
-9.745002514506641,0.0
-9.854546830965829,0.0
-9.963702106789814,0.0
-10.072464032715207,0.0
-10.180828315007425,0.0
-10.288790675630128,0.0
-10.39634685241419,0.0
-10.503492599225908,0.0
-10.610223686134677,0.0
-10.71653589957993,0.0
-10.822425042537521,0.0
-10.92788693468538,0.0
-11.032917412568604,0.0
-11.137512329763759,0.0
-11.241667557042605,0.0
-11.345378982535124,0.0
-11.448642511891814,0.0
-11.551454068445356,0.0
-11.653809593371518,0.0
-11.75570504584946,0.0
-11.857136403221183,0.0
-11.958099661150376,0.0
-12.058590833780487,0.0
-12.158605953892101,0.0
-12.258141073059532,0.0
-12.357192261806683,0.0
-12.455755609762246,0.0
-12.553827225814008,0.0
-12.651403238262489,0.0
-12.748479794973786,0.0
-12.845053063531688,0.0
-12.941119231388887,0.0
-13.036674506017576,0.0
-13.131715115059123,0.0
-13.226237306473035,0.0
-13.32023734868503,0.0
-13.41371153073439,0.0
-13.506656162420487,0.0
-13.599067574448382,0.0
-13.690942118573775,0.0
-13.782276167746963,0.0
-13.873066116256094,0.0
-13.96330837986945,0.0
-14.052999395976986,0.0
-14.14213562373095,0.0
-14.230713544185704,0.0
-14.318729660436622,0.0
-14.40618049775814,0.0
-14.493062603740928,0.0
-14.579372548428227,0.0
-14.665106924451203,0.0
-14.750262347163474,0.0
-14.834835454774781,0.0
-14.918822908483643,0.0
-15.00222139260919,0.0
-15.08502761472207,0.0
-15.16723830577443,0.0
-15.248850220228958,0.0
-15.329860136186992,0.0
-15.410264855515777,0.0
-15.490061203974674,0.0
-15.569246031340471,0.0
-15.647816211531762,0.0
-15.725768642732373,0.0
-15.803100247513807,0.0
-15.879807972956701,0.0
-15.95588879077141,0.0
-16.03133969741753,0.0
-16.10615771422244,0.0
-16.180339887498945,0.0
-16.25388328866187,0.0
-16.326785014343677,0.0
-16.399042186509043,0.0
-16.47065195256854,0.0
-16.54161148549123,0.0
-16.611917983916253,0.0
-16.68156867226342,0.0
-16.750560800842827,0.0
-16.81889164596338,0.0
-16.886558510040306,0.0
-16.953558721701665,0.0
-17.019889635893833,0.0
-17.0855486339859,0.0
-17.150533123873043,0.0
-17.214840540078868,0.0
-17.2784683438567,0.0
-17.341414023289804,0.0
-17.40367509339051,0.0
-17.4652490961984,0.0
-17.526133600877273,0.0
-17.586326203811122,0.0
-17.645824528699066,0.0
-17.704626226649104,0.0
-17.762728976270893,0.0
-17.820130483767358,0.0
-17.87682848302527,0.0
-17.932820735704716,0.0
-17.988105031327418,0.0
-18.042679187364058,0.0
-18.096541049320386,0.0
-18.14968849082234,0.0
-18.20211941369991,0.0
-18.253831748070056,0.0
-18.30482345241835,0.0
-18.35509251367962,0.0
-18.404636947317407,0.0
-18.453454797402294,0.0
-18.501544136689162,0.0
-18.548903066693224,0.0
-18.59552971776503,0.0
-18.641422249164215,0.0
-18.686578849132236,0.0
-18.730997734963847,0.0
-18.774677153077484,0.0
-18.817615379084508,0.0
-18.859810717857286,0.0
-18.9012615035961,0.0
-18.941966099894884,0.0
-18.981922899805888,0.0
-19.02113032590307,0.0
-19.059586830344376,0.0
-19.097290894932858,0.0
-19.134241031176607,0.0
-19.170435780347518,0.0
-19.20587371353886,0.0
-19.240553431721715,0.0
-19.274473565800193,0.0
-19.30763277666548,0.0
-19.3400297552487,0.0
-19.371663222572618,0.0
-19.402531929802116,0.0
-19.432634658293477,0.0
-19.461970219642527,0.0
-19.49053745573154,0.0
-19.51833523877495,0.0
-19.545362471363866,0.0
-19.57161808650944,0.0
-19.597101047684937,0.0
-19.62181034886668,0.0
-19.645745014573773,0.0
-19.66890409990659,0.0
-19.691286690584107,0.0
-19.71289190297996,0.0
-19.73371888415736,0.0
-19.753766811902754,0.0
-19.77303489475828,0.0
-19.79152237205302,0.0
-19.809228513933025,0.0
-19.826152621390133,0.0
-19.842294026289554,0.0
-19.857652091396275,0.0
-19.872226210400168,0.0
-19.886015807939977,0.0
-19.899020339626002,0.0
-19.9112392920616,0.0
-19.92267218286345,0.0
-19.933318560680597,0.0
-19.94317800521228,0.0
-19.952250127224506,0.0
-19.960534568565432,0.0
-19.9680310021795,0.0
-19.974739132120348,0.0
-19.980658693562493,0.0
-19.985789452811783,0.0
-19.990131207314633,0.0
-19.993683785666,0.0
-19.99644704761618,0.0
-19.99842088407632,0.0
-19.999605217122742,0.0
-20.0,0.0
-19.999605217122742,0.0
-19.99842088407632,0.0
-19.99644704761618,0.0
-19.993683785666,0.0
-19.99013120731463,0.0
-19.985789452811787,0.0
-19.980658693562493,0.0
-19.97473913212035,0.0
-19.9680310021795,0.0
-19.960534568565432,0.0
-19.952250127224506,0.0
-19.94317800521228,0.0
-19.9333185606806,0.0
-19.92267218286345,0.0
-19.9112392920616,0.0
-19.899020339626002,0.0
-19.886015807939977,0.0
-19.872226210400168,0.0
-19.85765209139627,0.0
-19.842294026289558,0.0
-19.826152621390133,0.0
-19.809228513933025,0.0
-19.79152237205302,0.0
-19.77303489475828,0.0
-19.753766811902757,0.0
-19.733718884157362,0.0
-19.712891902979962,0.0
-19.691286690584107,0.0
-19.668904099906598,0.0
-19.645745014573773,0.0
-19.62181034886668,0.0
-19.59710104768494,0.0
-19.571618086509442,0.0
-19.54536247136387,0.0
-19.518335238774952,0.0
-19.49053745573155,0.0
-19.46197021964253,0.0
-19.43263465829348,0.0
-19.40253192980212,0.0
-19.37166322257262,0.0
-19.3400297552487,0.0
-19.307632776665482,0.0
-19.274473565800193,0.0
-19.24055343172172,0.0
-19.20587371353886,0.0
-19.170435780347518,0.0
-19.134241031176607,0.0
-19.09729089493286,0.0
-19.059586830344376,0.0
-19.021130325903073,0.0
-18.981922899805895,0.0
-18.941966099894888,0.0
-18.9012615035961,0.0
-18.85981071785729,0.0
-18.817615379084508,0.0
-18.77467715307748,0.0
-18.730997734963847,0.0
-18.686578849132246,0.0
-18.641422249164222,0.0
-18.595529717765032,0.0
-18.548903066693228,0.0
-18.50154413668916,0.0
-18.453454797402294,0.0
-18.404636947317403,0.0
-18.35509251367963,0.0
-18.304823452418354,0.0
-18.253831748070063,0.0
-18.202119413699915,0.0
-18.149688490822335,0.0
-18.096541049320393,0.0
-18.04267918736405,0.0
-17.98810503132743,0.0
-17.93282073570472,0.0
-17.87682848302528,0.0
-17.82013048376736,0.0
-17.762728976270886,0.0
-17.704626226649104,0.0
-17.645824528699062,0.0
-17.586326203811133,0.0
-17.526133600877277,0.0
-17.46524909619841,0.0
-17.403675093390515,0.0
-17.341414023289797,0.0
-17.27846834385671,0.0
-17.214840540078868,0.0
-17.150533123873046,0.0
-17.08554863398591,0.0
-17.019889635893847,0.0
-16.95355872170167,0.0
-16.8865585100403,0.0
-16.818891645963387,0.0
-16.75056080084283,0.0
-16.681568672263424,0.0
-16.611917983916257,0.0
-16.541611485491245,0.0
-16.470651952568552,0.0
-16.399042186509046,0.0
-16.326785014343685,0.0
-16.253883288661875,0.0
-16.180339887498953,0.0
-16.106157714222448,0.0
-16.031339697417543,0.0
-15.955888790771427,0.0
-15.879807972956709,0.0
-15.803100247513813,0.0
-15.725768642732376,0.0
-15.647816211531767,0.0
-15.569246031340464,0.0
-15.49006120397469,0.0
-15.410264855515791,0.0
-15.329860136186998,0.0
-15.248850220228965,0.0
-15.167238305774436,0.0
-15.08502761472208,0.0
-15.00222139260919,0.0
-14.918822908483646,0.0
-14.834835454774794,0.0
-14.750262347163481,0.0
-14.665106924451209,0.0
-14.579372548428232,0.0
-14.493062603740928,0.0
-14.406180497758136,0.0
-14.318729660436627,0.0
-14.230713544185715,0.0
-14.142135623730955,0.0
-14.052999395976993,0.0
-13.963308379869455,0.0
-13.873066116256094,0.0
-13.78227616774697,0.0
-13.690942118573766,0.0
-13.599067574448396,0.0
-13.50665616242049,0.0
-13.41371153073441,0.0
-13.320237348685035,0.0
-13.226237306473031,0.0
-13.13171511505913,0.0
-13.036674506017569,0.0
-12.9411192313889,0.0
-12.845053063531694,0.0
-12.748479794973806,0.0
-12.651403238262493,0.0
-12.553827225814004,0.0
-12.455755609762251,0.0
-12.357192261806683,0.0
-12.25814107305953,0.0
-12.158605953892113,0.0
-12.058590833780507,0.0
-11.958099661150383,0.0
-11.857136403221183,0.0
-11.755705045849467,0.0
-11.653809593371516,0.0
-11.551454068445356,0.0
-11.448642511891826,0.0
-11.345378982535143,0.0
-11.241667557042618,0.0
-11.137512329763759,0.0
-11.03291741256861,0.0
-10.927886934685379,0.0
-10.822425042537521,0.0
-10.716535899579942,0.0
-10.610223686134697,0.0
-10.503492599225922,0.0
-10.396346852414188,0.0
-10.288790675630135,0.0
-10.180828315007425,0.0
-10.07246403271522,0.0
-9.963702106789812,0.0
-9.854546830965848,0.0
-9.745002514506655,0.0
-9.635073482034306,0.0
-9.52476407335879,0.0
-9.41407864330665,0.0
-9.303021561549173,0.0
-9.191597212429754,0.0
-9.079809994790956,0.0
-8.967664321800656,0.0
-8.855164620778034,0.0
-8.742315333018668,0.0
-8.629120913619179,0.0
-8.51558583130146,0.0
-8.401714568236123,0.0
-8.287511619865688,0.0
-8.172981494726994,0.0
-8.058128714273257,0.0
-7.9429578126956235,0.0
-7.82747333674405,0.0
-7.711679845547923,0.0
-7.595581910436023,0.0
-7.4791841147559985,0.0
-7.362491053693574,0.0
-7.245507334090918,0.0
-7.128237574265026,0.0
-7.010686403825184,0.0
-6.8928584634903345,0.0
-6.774758404905828,0.0
-6.656390890459725,0.0
-6.537760593098866,0.0
-6.418872196144196,0.0
-6.29973039310611,0.0
-6.1803398874989535,0.0
-6.060705392655475,0.0
-5.940831631540701,0.0
-5.82072333656543,0.0
-5.700385249399523,0.0
-5.579822120784593,0.0
-5.45903871034652,0.0
-5.338039786407517,0.0
-5.2168301257979355,0.0
-5.095414513667648,0.0
-4.97379774329709,0.0
-4.85198461590815,0.0
-4.729979940474503,0.0
-4.607788533531829,0.0
-4.485415218987631,0.0
-4.362864827930848,0.0
-4.240142198441098,0.0
-4.117252175397622,0.0
-3.9941996102881436,0.0
-3.8709893610172164,0.0
-3.7476262917145116,0.0
-3.624115272542756,0.0
-3.5004611795055203,0.0
-3.376668894254684,0.0
-3.252743303897669,0.0
-3.1286893008046217,0.0
-3.0045117824151357,0.0
-2.8802156510450634,0.0
-2.7558058136927714,0.0
-2.631287181845651,0.0
-2.506664671286093,0.0
-2.381943201897393,0.0
-2.25712769746964,0.0
-2.1322230855051947,0.0
-2.0072342970243193,0.0
-1.882166266370298,0.0
-1.7570239310148654,0.0
-1.631812231363161,0.0
-1.5065361105586543,0.0
-1.3812005142881236,0.0
-1.2558103905862652,0.0
-1.130370689640514,0.0
-1.0048863635954044,0.0
-0.8793623663573015,0.0
-0.753803653398702,0.0
-0.6282151815625672,0.0
-0.5026019088667587,0.0
-0.37696879430816277,0.0
-0.2513207976670414,0.0
-0.12566287931119388,0.0
-4.898587196589413e-15,0.0
0.12566287931116632,0.0
0.2513207976670494,0.0
0.37696879430815294,0.0
0.5026019088667489,0.0
0.6282151815625752,0.0
0.7538036533986745,0.0
0.8793623663572918,0.0
1.0048863635953769,0.0
1.1303706896404861,0.0
1.2558103905862734,0.0
1.381200514288114,0.0
1.5065361105586623,0.0
1.6318122313631334,0.0
1.7570239310148559,0.0
1.8821662663702707,0.0
2.0072342970242922,0.0
2.1322230855052022,0.0
2.25712769746963,0.0
2.381943201897401,0.0
2.5066646712860834,0.0
2.6312871818456407,0.0
2.7558058136927444,0.0
2.8802156510450363,0.0
3.004511782415144,0.0
3.1286893008046124,0.0
3.2527433038976765,0.0
3.3766688942546748,0.0
3.50046117950551,0.0
3.624115272542729,0.0
3.747626291714484,0.0
3.870989361017206,0.0
3.994199610288134,0.0
4.117252175397629,0.0
4.240142198441089,0.0
4.362864827930856,0.0
4.485415218987604,0.0
4.607788533531802,0.0
4.729979940474493,0.0
4.851984615908141,0.0
4.973797743297098,0.0
5.095414513667638,0.0
5.216830125797943,0.0
5.33803978640749,0.0
5.459038710346493,0.0
5.579822120784583,0.0
5.700385249399513,0.0
5.820723336565438,0.0
5.940831631540692,0.0
6.060705392655482,0.0
6.180339887498927,0.0
6.299730393106083,0.0
6.4188721961441875,0.0
6.537760593098839,0.0
6.656390890459733,0.0
6.774758404905819,0.0
6.8928584634903425,0.0
7.01068640382519,0.0
7.128237574265,0.0
7.2455073340909095,0.0
7.362491053693548,0.0
7.4791841147560065,0.0
7.595581910436012,0.0
7.7116798455479305,0.0
7.827473336744058,0.0
7.942957812695598,0.0
8.058128714273249,0.0
8.172981494726969,0.0
8.287511619865679,0.0
8.401714568236114,0.0
8.51558583130145,0.0
8.629120913619188,0.0
8.742315333018642,0.0
8.855164620778025,0.0
8.967664321800632,0.0
9.079809994790931,0.0
9.19159721242976,0.0
9.303021561549164,0.0
9.414078643306658,0.0
9.524764073358782,0.0
9.635073482034297,0.0
9.745002514506632,0.0
9.854546830965825,0.0
9.96370210678982,0.0
10.072464032715214,0.0
10.180828315007432,0.0
10.288790675630127,0.0
10.39634685241418,0.0
10.503492599225899,0.0
10.610223686134674,0.0
10.716535899579933,0.0
10.82242504253751,0.0
10.927886934685384,0.0
11.032917412568601,0.0
11.13751232976375,0.0
11.241667557042597,0.0
11.345378982535122,0.0
11.448642511891817,0.0
11.551454068445345,0.0
11.653809593371523,0.0
11.755705045849458,0.0
11.857136403221189,0.0
11.95809966115036,0.0
12.058590833780485,0.0
12.158605953892108,0.0
12.258141073059523,0.0
12.357192261806688,0.0
12.455755609762244,0.0
12.553827225814011,0.0
12.651403238262471,0.0
12.748479794973784,0.0
12.845053063531687,0.0
12.941119231388878,0.0
13.036674506017576,0.0
13.131715115059121,0.0
13.226237306473038,0.0
13.32023734868504,0.0
13.413711530734389,0.0
13.506656162420486,0.0
13.599067574448377,0.0
13.690942118573773,0.0
13.782276167746963,0.0
13.873066116256098,0.0
13.963308379869462,0.0
14.052999395976972,0.0
14.142135623730947,0.0
14.230713544185697,0.0
14.318729660436622,0.0
14.406180497758129,0.0
14.493062603740931,0.0
14.579372548428237,0.0
14.665106924451187,0.0
14.750262347163474,0.0
14.834835454774776,0.0
14.91882290848364,0.0
15.002221392609183,0.0
15.085027614722076,0.0
15.167238305774442,0.0
15.248850220228958,0.0
15.32986013618699,0.0
15.410264855515774,0.0
15.490061203974673,0.0
15.569246031340471,0.0
15.64781621153176,0.0
15.72576864273238,0.0
15.803100247513806,0.0
15.879807972956701,0.0
15.955888790771409,0.0
16.031339697417526,0.0
16.10615771422244,0.0
16.180339887498945,0.0
16.253883288661882,0.0
16.326785014343677,0.0
16.399042186509043,0.0
16.470651952568538,0.0
16.54161148549123,0.0
16.611917983916253,0.0
16.68156867226342,0.0
16.750560800842834,0.0
16.81889164596338,0.0
16.886558510040302,0.0
16.953558721701654,0.0
17.019889635893833,0.0
17.0855486339859,0.0
17.150533123873043,0.0
17.214840540078875,0.0
17.2784683438567,0.0
17.341414023289804,0.0
17.403675093390504,0.0
17.465249096198395,0.0
17.526133600877273,0.0
17.58632620381112,0.0
17.645824528699066,0.0
17.7046262266491,0.0
17.762728976270893,0.0
17.82013048376736,0.0
17.876828483025268,0.0
17.932820735704716,0.0
17.988105031327414,0.0
18.042679187364058,0.0
18.096541049320386,0.0
18.14968849082234,0.0
18.20211941369992,0.0
18.253831748070052,0.0
18.304823452418347,0.0
18.35509251367962,0.0
18.404636947317407,0.0
18.453454797402294,0.0
18.501544136689162,0.0
18.548903066693228,0.0
18.59552971776502,0.0
18.641422249164215,0.0
18.686578849132236,0.0
18.730997734963847,0.0
18.774677153077477,0.0
18.817615379084508,0.0
18.859810717857293,0.0
18.901261503596096,0.0
18.941966099894884,0.0
18.981922899805888,0.0
19.02113032590307,0.0
19.059586830344372,0.0
19.097290894932858,0.0
19.13424103117661,0.0
19.170435780347518,0.0
19.20587371353886,0.0
19.24055343172171,0.0
19.274473565800193,0.0
19.30763277666547,0.0
19.3400297552487,0.0
19.371663222572625,0.0
19.402531929802116,0.0
19.432634658293473,0.0
19.461970219642527,0.0
19.49053745573154,0.0
19.51833523877495,0.0
19.545362471363866,0.0
19.571618086509442,0.0
19.597101047684937,0.0
19.62181034886668,0.0
19.64574501457377,0.0
19.66890409990659,0.0
19.691286690584107,0.0
19.71289190297996,0.0
19.733718884157362,0.0
19.753766811902754,0.0
19.773034894758283,0.0
19.791522372053016,0.0
19.809228513933025,0.0
19.826152621390133,0.0
19.842294026289554,0.0
19.857652091396275,0.0
19.872226210400168,0.0
19.886015807939977,0.0
19.899020339626002,0.0
19.9112392920616,0.0
19.92267218286345,0.0
19.933318560680597,0.0
19.94317800521228,0.0
19.952250127224506,0.0
19.960534568565432,0.0
19.9680310021795,0.0
19.974739132120348,0.0
19.980658693562493,0.0
19.985789452811783,0.0
19.990131207314633,0.0
19.993683785666,0.0
19.99644704761618,0.0
19.99842088407632,0.0
19.999605217122742,0.0
20.0,0.0
19.999605217122742,0.0
19.99842088407632,0.0
19.996447047616183,0.0
19.993683785666,0.0
19.99013120731463,0.0
19.985789452811783,0.0
19.980658693562493,0.0
19.97473913212035,0.0
19.9680310021795,0.0
19.960534568565432,0.0
19.952250127224506,0.0
19.94317800521228,0.0
19.933318560680597,0.0
19.92267218286345,0.0
19.9112392920616,0.0
19.899020339626002,0.0
19.886015807939977,0.0
19.872226210400168,0.0
19.85765209139627,0.0
19.842294026289558,0.0
19.826152621390133,0.0
19.809228513933025,0.0
19.79152237205302,0.0
19.773034894758283,0.0
19.753766811902754,0.0
19.733718884157362,0.0
19.712891902979962,0.0
19.691286690584107,0.0
19.668904099906598,0.0
19.64574501457378,0.0
19.62181034886668,0.0
19.59710104768494,0.0
19.571618086509446,0.0
19.545362471363866,0.0
19.518335238774945,0.0
19.490537455731545,0.0
19.461970219642534,0.0
19.432634658293484,0.0
19.402531929802112,0.0
19.37166322257262,0.0
19.3400297552487,0.0
19.307632776665482,0.0
19.2744735658002,0.0
19.240553431721725,0.0
19.20587371353886,0.0
19.17043578034752,0.0
19.134241031176614,0.0
19.097290894932858,0.0
19.059586830344376,0.0
19.021130325903073,0.0
18.981922899805895,0.0
18.941966099894895,0.0
18.901261503596093,0.0
18.85981071785729,0.0
18.817615379084515,0.0
18.774677153077487,0.0
18.730997734963843,0.0
18.686578849132253,0.0
18.641422249164222,0.0
18.595529717765032,0.0
18.548903066693235,0.0
18.50154413668916,0.0
18.453454797402298,0.0
18.40463694731741,0.0
18.35509251367963,0.0
18.30482345241836,0.0
18.253831748070056,0.0
18.202119413699915,0.0
18.149688490822346,0.0
18.096541049320386,0.0
18.042679187364055,0.0
17.98810503132742,0.0
17.932820735704723,0.0
17.87682848302528,0.0
17.820130483767368,0.0
17.76272897627089,0.0
17.704626226649108,0.0
17.645824528699073,0.0
17.58632620381112,0.0
17.526133600877284,0.0
17.465249096198402,0.0
17.403675093390515,0.0
17.341414023289808,0.0
17.2784683438567,0.0
17.21484054007887,0.0
17.150533123873046,0.0
17.08554863398591,0.0
17.019889635893847,0.0
16.95355872170168,0.0
16.886558510040302,0.0
16.818891645963387,0.0
16.75056080084284,0.0
16.681568672263417,0.0
16.61191798391625,0.0
16.541611485491238,0.0
16.470651952568552,0.0
16.399042186509057,0.0
16.326785014343674,0.0
16.25388328866188,0.0
16.180339887498953,0.0
16.106157714222448,0.0
16.031339697417543,0.0
15.955888790771438,0.0
15.879807972956709,0.0
15.803100247513813,0.0
15.72576864273239,0.0
15.647816211531755,0.0
15.569246031340466,0.0
15.490061203974681,0.0
15.410264855515795,0.0
15.32986013618701,0.0
15.248850220228952,0.0
15.167238305774438,0.0
15.085027614722081,0.0
15.002221392609203,0.0
14.918822908483635,0.0
14.834835454774806,0.0
14.750262347163481,0.0
14.66510692445121,0.0
14.579372548428244,0.0
14.493062603740928,0.0
14.40618049775814,0.0
14.31872966043663,0.0
14.230713544185718,0.0
14.142135623730967,0.0
14.052999395976983,0.0
13.963308379869456,0.0
13.873066116256108,0.0
13.782276167746982,0.0
13.690942118573767,0.0
13.599067574448384,0.0
13.506656162420494,0.0
13.413711530734414,0.0
13.320237348685051,0.0
13.226237306473035,0.0
13.131715115059134,0.0
13.036674506017585,0.0
12.941119231388873,0.0
12.845053063531708,0.0
12.748479794973795,0.0
12.651403238262496,0.0
12.553827225814022,0.0
12.45575560976224,0.0
12.357192261806684,0.0
12.258141073059532,0.0
12.158605953892117,0.0
12.05859083378051,0.0
11.9580996611504,0.0
11.857136403221185,0.0
11.755705045849467,0.0
11.653809593371534,0.0
11.551454068445342,0.0
11.448642511891814,0.0
11.345378982535133,0.0
11.241667557042621,0.0
11.137512329763775,0.0
11.032917412568597,0.0
10.92788693468538,0.0
10.822425042537523,0.0
10.716535899579945,0.0
10.610223686134699,0.0
10.50349259922594,0.0
10.39634685241419,0.0
10.288790675630137,0.0
10.180828315007442,0.0
10.072464032715207,0.0
9.963702106789814,0.0
9.854546830965836,0.0
9.745002514506657,0.0
9.635073482034324,0.0
9.524764073358776,0.0
9.414078643306652,0.0
9.303021561549174,0.0
9.191597212429771,0.0
9.079809994790926,0.0
8.967664321800674,0.0
8.855164620778035,0.0
8.74231533301867,0.0
8.629120913619198,0.0
8.515585831301447,0.0
8.401714568236127,0.0
8.28751161986569,0.0
8.172981494726997,0.0
8.058128714273275,0.0
7.942957812695609,0.0
7.827473336744052,0.0
7.711679845547942,0.0
7.5955819104360405,0.0
7.479184114756001,0.0
7.362491053693559,0.0
7.245507334090922,0.0
7.128237574265029,0.0
7.010686403825202,0.0
6.892858463490336,0.0
6.774758404905831,0.0
6.656390890459743,0.0
6.537760593098834,0.0
6.418872196144215,0.0
6.2997303931060955,0.0
6.180339887498956,0.0
6.0607053926554935,0.0
5.9408316315407195,0.0
5.8207233365654325,0.0
5.700385249399526,0.0
5.579822120784596,0.0
5.4590387103465225,0.0
5.338039786407537,0.0
5.216830125797937,0.0
5.09541451366765,0.0
4.973797743297109,0.0
4.851984615908135,0.0
4.729979940474488,0.0
4.607788533531814,0.0
4.485415218987633,0.0
4.362864827930869,0.0
4.240142198441083,0.0
4.117252175397624,0.0
3.9941996102881463,0.0
3.8709893610172186,0.0
3.747626291714514,0.0
3.624115272542776,0.0
3.5004611795055225,0.0
3.3766688942546867,0.0
3.252743303897689,0.0
3.1286893008046066,0.0
3.0045117824151384,0.0
2.8802156510450483,0.0
2.755805813692774,0.0
2.6312871818456705,0.0
2.506664671286078,0.0
2.381943201897396,0.0
2.2571276974696426,0.0
2.1322230855052147,0.0
2.0072342970242865,0.0
1.8821662663703185,0.0
1.757023931014868,0.0
1.6318122313631633,0.0
1.5065361105586743,0.0
1.3812005142881083,0.0
1.2558103905862676,0.0
1.1303706896404986,0.0
1.0048863635953715,0.0
0.8793623663572863,0.0
0.7538036533986867,0.0
0.6282151815625696,0.0
0.5026019088667611,0.0
0.3769687943081829,0.0
0.2513207976670794,0.0
0.1256628793112141,0.0
7.347880794884118e-15,0.0
-0.12566287931116385,0.0
-0.2513207976670292,0.0
-0.3769687943081682,0.0
-0.5026019088667465,0.0
-0.628215181562555,0.0
-0.7538036533987075,0.0
-0.879362366357307,0.0
-1.0048863635953922,0.0
-1.130370689640484,0.0
-1.2558103905862885,0.0
-1.3812005142880937,0.0
-1.5065361105586246,0.0
-1.6318122313631132,0.0
-1.7570239310148534,0.0
-1.8821662663702685,0.0
-2.0072342970242723,0.0
-2.1322230855052,0.0
-2.257127697469628,0.0
-2.381943201897381,0.0
-2.5066646712860985,0.0
-2.6312871818456562,0.0
-2.7558058136927595,0.0
-2.8802156510450336,0.0
-3.0045117824151593,0.0
-3.1286893008045924,0.0
-3.252743303897639,0.0
-3.3766688942546725,0.0
-3.500461179505508,0.0
-3.624115272542727,0.0
-3.7476262917144645,0.0
-3.8709893610172044,0.0
-3.9941996102881316,0.0
-4.11725217539761,0.0
-4.240142198441104,0.0
-4.362864827930854,0.0
-4.485415218987619,0.0
-4.607788533531834,0.0
-4.729979940474508,0.0
-4.851984615908156,0.0
-4.973797743297061,0.0
-5.095414513667635,0.0
-5.216830125797923,0.0
-5.338039786407488,0.0
-5.459038710346475,0.0
-5.579822120784581,0.0
-5.7003852493995115,0.0
-5.820723336565417,0.0
-5.940831631540706,0.0
-6.06070539265548,0.0
-6.180339887498941,0.0
-6.299730393106115,0.0
-6.418872196144202,0.0
-6.537760593098854,0.0
-6.65639089045973,0.0
-6.774758404905818,0.0
-6.892858463490324,0.0
-7.010686403825154,0.0
-7.128237574264982,0.0
-7.245507334090907,0.0
-7.362491053693545,0.0
-7.479184114755988,0.0
-7.595581910436026,0.0
-7.711679845547929,0.0
-7.827473336744038,0.0
-7.942957812695628,0.0
-8.058128714273261,0.0
-8.172981494726981,0.0
-8.287511619865677,0.0
-8.401714568236144,0.0
-8.515585831301433,0.0
-8.629120913619152,0.0
-8.742315333018624,0.0
-8.855164620778023,0.0
-8.96766432180063,0.0
-9.079809994790914,0.0
-9.191597212429759,0.0
-9.303021561549162,0.0
-9.41407864330664,0.0
-9.524764073358794,0.0
-9.635073482034311,0.0
-9.745002514506645,0.0
-9.854546830965823,0.0
-9.963702106789832,0.0
-10.072464032715196,0.0
-10.180828315007398,0.0
-10.288790675630125,0.0
-10.396346852414178,0.0
-10.503492599225897,0.0
-10.610223686134656,0.0
-10.716535899579931,0.0
-10.822425042537509,0.0
-10.927886934685366,0.0
-11.032917412568615,0.0
-11.137512329763764,0.0
-11.241667557042609,0.0
-11.34537898253512,0.0
-11.448642511891832,0.0
-11.55145406844536,0.0
-11.653809593371491,0.0
-11.755705045849457,0.0
-11.85713640322117,0.0
-11.958099661150358,0.0
-12.05859083378047,0.0
-12.158605953892106,0.0
-12.258141073059521,0.0
-12.35719226180667,0.0
-12.455755609762257,0.0
-12.55382722581401,0.0
-12.651403238262484,0.0
-12.748479794973811,0.0
-12.845053063531697,0.0
-12.941119231388889,0.0
-13.036674506017574,0.0
-13.131715115059121,0.0
-13.226237306473024,0.0
-13.320237348685014,0.0
-13.413711530734375,0.0
-13.506656162420484,0.0
-13.599067574448373,0.0
-13.690942118573757,0.0
-13.782276167746975,0.0
-13.873066116256098,0.0
-13.963308379869446,0.0
-14.052999395976997,0.0
-14.142135623730958,0.0
-14.23071354418571,0.0
-14.31872966043662,0.0
-14.406180497758152,0.0
-14.493062603740919,0.0
-14.57937254842821,0.0
-14.665106924451175,0.0
-14.750262347163472,0.0
-14.834835454774773,0.0
-14.918822908483627,0.0
-15.002221392609192,0.0
-15.085027614722073,0.0
-15.167238305774429,0.0
-15.248850220228967,0.0
-15.329860136187001,0.0
-15.410264855515782,0.0
-15.490061203974673,0.0
-15.56924603134048,0.0
-15.647816211531747,0.0
-15.725768642732358,0.0
-15.803100247513783,0.0
-15.879807972956698,0.0
-15.955888790771409,0.0
-16.031339697417515,0.0
-16.10615771422244,0.0
-16.180339887498945,0.0
-16.25388328866187,0.0
-16.326785014343685,0.0
-16.39904218650905,0.0
-16.470651952568545,0.0
-16.54161148549123,0.0
-16.611917983916264,0.0
-16.681568672263428,0.0
-16.750560800842816,0.0
-16.81889164596338,0.0
-16.88655851004029,0.0
-16.95355872170165,0.0
-17.019889635893822,0.0
-17.0855486339859,0.0
-17.15053312387304,0.0
-17.214840540078864,0.0
-17.27846834385671,0.0
-17.3414140232898,0.0
-17.40367509339051,0.0
-17.465249096198413,0.0
-17.52613360087728,0.0
-17.586326203811126,0.0
-17.645824528699062,0.0
-17.704626226649097,0.0
-17.762728976270882,0.0
-17.820130483767343,0.0
-17.87682848302526,0.0
-17.932820735704716,0.0
-17.988105031327414,0.0
-18.042679187364048,0.0
-18.096541049320393,0.0
-18.14968849082234,0.0
-18.202119413699908,0.0
-18.253831748070063,0.0
-18.304823452418354,0.0
-18.355092513679622,0.0
-18.404636947317407,0.0
-18.453454797402305,0.0
-18.50154413668915,0.0
-18.548903066693217,0.0
-18.595529717765015,0.0
-18.641422249164215,0.0
-18.686578849132232,0.0
-18.73099773496384,0.0
-18.774677153077484,0.0
-18.817615379084508,0.0
-18.859810717857286,0.0
-18.9012615035961,0.0
-18.941966099894888,0.0
-18.98192289980589,0.0
-19.02113032590307,0.0
-19.059586830344383,0.0
-19.097290894932854,0.0
-19.1342410311766,0.0
-19.170435780347507,0.0
-19.20587371353886,0.0
-19.24055343172171,0.0
-19.274473565800186,0.0
-19.30763277666548,0.0
-19.3400297552487,0.0
-19.371663222572618,0.0
-19.40253192980212,0.0
-19.43263465829348,0.0
-19.46197021964253,0.0
-19.49053745573154,0.0
-19.518335238774952,0.0
-19.545362471363873,0.0
-19.571618086509435,0.0
-19.59710104768493,0.0
-19.62181034886668,0.0
-19.64574501457377,0.0
-19.668904099906587,0.0
-19.691286690584107,0.0
-19.71289190297996,0.0
-19.73371888415736,0.0
-19.753766811902757,0.0
-19.773034894758283,0.0
-19.79152237205302,0.0
-19.80922851393302,0.0
-19.826152621390133,0.0
-19.842294026289558,0.0
-19.857652091396275,0.0
-19.872226210400168,0.0
-19.886015807939977,0.0
-19.899020339626002,0.0
-19.911239292061598,0.0
-19.922672182863447,0.0
-19.933318560680597,0.0
-19.943178005212275,0.0
-19.952250127224506,0.0
-19.960534568565432,0.0
-19.9680310021795,0.0
-19.97473913212035,0.0
-19.980658693562493,0.0
-19.985789452811783,0.0
-19.990131207314633,0.0
-19.993683785666,0.0
-19.99644704761618,0.0
-19.99842088407632,0.0
-19.999605217122742,0.0
-20.0,0.0
-19.999605217122742,0.0
-19.99842088407632,0.0
-19.99644704761618,0.0
-19.993683785666,0.0
-19.990131207314633,0.0
-19.985789452811783,0.0
-19.980658693562493,0.0
-19.974739132120348,0.0
-19.9680310021795,0.0
-19.96053456856543,0.0
-19.952250127224506,0.0
-19.943178005212282,0.0
-19.9333185606806,0.0
-19.92267218286345,0.0
-19.9112392920616,0.0
-19.899020339626006,0.0
-19.886015807939977,0.0
-19.872226210400168,0.0
-19.857652091396275,0.0
-19.842294026289554,0.0
-19.826152621390133,0.0
-19.809228513933025,0.0
-19.79152237205302,0.0
-19.773034894758275,0.0
-19.753766811902754,0.0
-19.73371888415737,0.0
-19.71289190297997,0.0
-19.69128669058411,0.0
-19.668904099906598,0.0
-19.64574501457378,0.0
-19.62181034886668,0.0
-19.59710104768494,0.0
-19.571618086509446,0.0
-19.545362471363866,0.0
-19.518335238774945,0.0
-19.490537455731545,0.0
-19.461970219642534,0.0
-19.432634658293473,0.0
-19.402531929802116,0.0
-19.371663222572625,0.0
-19.340029755248704,0.0
-19.307632776665482,0.0
-19.2744735658002,0.0
-19.24055343172173,0.0
-19.205873713538864,0.0
-19.17043578034752,0.0
-19.134241031176614,0.0
-19.097290894932858,0.0
-19.059586830344376,0.0
-19.021130325903076,0.0
-18.981922899805895,0.0
-18.941966099894884,0.0
-18.901261503596096,0.0
-18.85981071785729,0.0
-18.817615379084515,0.0
-18.774677153077487,0.0
-18.730997734963857,0.0
-18.686578849132253,0.0
-18.641422249164222,0.0
-18.595529717765032,0.0
-18.548903066693235,0.0
-18.50154413668916,0.0
-18.453454797402298,0.0
-18.404636947317414,0.0
-18.355092513679615,0.0
-18.304823452418347,0.0
-18.253831748070056,0.0
-18.20211941369992,0.0
-18.14968849082233,0.0
-18.0965410493204,0.0
-18.04267918736407,0.0
-17.988105031327436,0.0
-17.932820735704723,0.0
-17.876828483025285,0.0
-17.820130483767368,0.0
-17.76272897627089,0.0
-17.704626226649108,0.0
-17.645824528699073,0.0
-17.58632620381112,0.0
-17.52613360087727,0.0
-17.465249096198406,0.0
-17.403675093390518,0.0
-17.341414023289794,0.0
-17.2784683438567,0.0
-17.21484054007889,0.0
-17.150533123873068,0.0
-17.08554863398591,0.0
-17.019889635893847,0.0
-16.95355872170168,0.0
-16.886558510040302,0.0
-16.818891645963387,0.0
-16.750560800842845,0.0
-16.681568672263417,0.0
-16.61191798391625,0.0
-16.541611485491238,0.0
-16.470651952568556,0.0
-16.39904218650904,0.0
-16.326785014343674,0.0
-16.25388328866188,0.0
-16.180339887498974,0.0
-16.106157714222448,0.0
-16.031339697417547,0.0
-15.95588879077144,0.0
-15.87980797295671,0.0
-15.803100247513814,0.0
-15.72576864273239,0.0
-15.647816211531758,0.0
-15.56924603134047,0.0
-15.490061203974681,0.0
-15.410264855515797,0.0
-15.32986013618699,0.0
-15.248850220228956,0.0
-15.16723830577444,0.0
-15.085027614722083,0.0
-15.002221392609203,0.0
-14.91882290848366,0.0
-14.834835454774808,0.0
-14.750262347163483,0.0
-14.665106924451212,0.0
-14.579372548428246,0.0
-14.49306260374093,0.0
-14.406180497758141,0.0
-14.318729660436631,0.0
-14.230713544185695,0.0
-14.142135623730944,0.0
-14.052999395976984,0.0
-13.96330837986946,0.0
-13.873066116256085,0.0
-13.782276167746986,0.0
-13.690942118573794,0.0
-13.599067574448412,0.0
-13.506656162420496,0.0
-13.413711530734414,0.0
-13.320237348685051,0.0
-13.226237306473037,0.0
-13.131715115059134,0.0
-13.036674506017587,0.0
-12.941119231388875,0.0
-12.845053063531683,0.0
-12.748479794973795,0.0
-12.651403238262498,0.0
-12.553827225813997,0.0
-12.455755609762242,0.0
-12.357192261806713,0.0
-12.258141073059562,0.0
-12.158605953892119,0.0
-12.058590833780512,0.0
-11.958099661150401,0.0
-11.857136403221187,0.0
-11.755705045849469,0.0
-11.653809593371536,0.0
-11.551454068445343,0.0
-11.448642511891816,0.0
-11.345378982535134,0.0
-11.241667557042623,0.0
-11.137512329763748,0.0
-11.0329174125686,0.0
-10.927886934685382,0.0
-10.822425042537553,0.0
-10.716535899579947,0.0
-10.6102236861347,0.0
-10.503492599225941,0.0
-10.396346852414194,0.0
-10.288790675630139,0.0
-10.180828315007444,0.0
-10.07246403271521,0.0
-9.963702106789817,0.0
-9.854546830965838,0.0
-9.745002514506659,0.0
-9.635073482034295,0.0
-9.52476407335878,0.0
-9.414078643306654,0.0
-9.303021561549208,0.0
-9.191597212429773,0.0
-9.07980999479096,0.0
-8.967664321800676,0.0
-8.855164620778037,0.0
-8.742315333018672,0.0
-8.6291209136192,0.0
-8.515585831301449,0.0
-8.401714568236128,0.0
-8.287511619865693,0.0
-8.172981494726999,0.0
-8.058128714273245,0.0
-7.942957812695611,0.0
-7.827473336744054,0.0
-7.711679845547912,0.0
-7.595581910436042,0.0
-7.479184114756037,0.0
-7.362491053693594,0.0
-7.245507334090924,0.0
-7.128237574265031,0.0
-7.010686403825205,0.0
-6.892858463490339,0.0
-6.774758404905833,0.0
-6.656390890459746,0.0
-6.537760593098836,0.0
-6.418872196144184,0.0
-6.299730393106097,0.0
-6.180339887498958,0.0
-6.060705392655462,0.0
-5.940831631540688,0.0
-5.820723336565469,0.0
-5.700385249399562,0.0
-5.5798221207845975,0.0
-5.459038710346524,0.0
-5.338039786407539,0.0
-5.21683012579794,0.0
-5.095414513667652,0.0
-4.973797743297112,0.0
-4.851984615908139,0.0
-4.72997994047449,0.0
-4.607788533531816,0.0
-4.485415218987636,0.0
-4.362864827930836,0.0
-4.240142198441085,0.0
-4.117252175397661,0.0
-3.994199610288183,0.0
-3.870989361017221,0.0
-3.747626291714516,0.0
-3.6241152725427783,0.0
-3.5004611795055247,0.0
-3.376668894254689,0.0
-3.2527433038976916,0.0
-3.1286893008046097,0.0
-3.0045117824151406,0.0
-2.8802156510450505,0.0
-2.7558058136927768,0.0
-2.631287181845638,0.0
-2.5066646712860803,0.0
-2.381943201897398,0.0
-2.2571276974696803,0.0
-2.132223085505217,0.0
-2.0072342970243247,0.0
-1.882166266370321,0.0
-1.7570239310148703,0.0
-1.6318122313631658,0.0
-1.506536110558677,0.0
-1.381200514288111,0.0
-1.2558103905862703,0.0
-1.130370689640501,0.0
-1.0048863635954095,0.0
-0.8793623663572887,0.0
-0.7538036533986892,0.0
-0.6282151815625721,0.0
-0.5026019088667281,0.0
-0.37696879430818536,0.0
-0.2513207976670818,0.0
-0.12566287931121653,0.0
-9.797174393178826e-15,0.0
0.1256628793111614,0.0
0.2513207976670267,0.0
0.37696879430816577,0.0
0.502601908866744,0.0
0.6282151815625525,0.0
0.7538036533986696,0.0
0.8793623663573046,0.0
1.00488636359539,0.0
1.1303706896404813,0.0
1.255810390586286,0.0
1.3812005142881267,0.0
1.506536110558622,0.0
1.631812231363111,0.0
1.7570239310148508,0.0
1.882166266370266,0.0
2.0072342970242696,0.0
2.132223085505198,0.0
2.2571276974696253,0.0
2.3819432018973785,0.0
2.5066646712860963,0.0
2.6312871818456536,0.0
2.7558058136927572,0.0
2.880215651045031,0.0
3.0045117824151566,0.0
3.1286893008046253,0.0
3.2527433038976374,0.0
3.376668894254635,0.0
3.5004611795055056,0.0
3.624115272542724,0.0
3.747626291714462,0.0
3.8709893610172017,0.0
3.9941996102881294,0.0
4.117252175397608,0.0
4.2401421984411005,0.0
4.362864827930852,0.0
4.485415218987617,0.0
4.607788533531797,0.0
4.729979940474506,0.0
4.851984615908153,0.0
4.9737977432970935,0.0
5.095414513667599,0.0
5.216830125797921,0.0
5.338039786407486,0.0
5.459038710346472,0.0
5.579822120784579,0.0
5.700385249399509,0.0
5.820723336565416,0.0
5.9408316315407035,0.0
6.0607053926554775,0.0
6.180339887498939,0.0
6.299730393106079,0.0
6.418872196144198,0.0
6.537760593098851,0.0
6.656390890459727,0.0
6.774758404905849,0.0
6.892858463490321,0.0
7.010686403825153,0.0
7.128237574264979,0.0
7.245507334090905,0.0
7.362491053693542,0.0
7.479184114755986,0.0
7.5955819104360245,0.0
7.711679845547926,0.0
7.827473336744037,0.0
7.942957812695593,0.0
8.05812871427326,0.0
8.17298149472698,0.0
8.287511619865676,0.0
8.401714568236143,0.0
8.515585831301463,0.0
8.62912091361915,0.0
8.742315333018622,0.0
8.85516462077802,0.0
8.967664321800626,0.0
9.07980999479091,0.0
9.191597212429757,0.0
9.30302156154916,0.0
9.414078643306636,0.0
9.524764073358792,0.0
9.635073482034308,0.0
9.745002514506643,0.0
9.854546830965822,0.0
9.96370210678983,0.0
10.072464032715224,0.0
10.180828315007396,0.0
10.288790675630093,0.0
10.396346852414176,0.0
10.503492599225893,0.0
10.610223686134654,0.0
10.71653589957993,0.0
10.822425042537507,0.0
10.927886934685366,0.0
11.032917412568612,0.0
11.137512329763762,0.0
11.241667557042607,0.0
11.345378982535117,0.0
11.44864251189183,0.0
11.551454068445357,0.0
11.653809593371518,0.0
11.755705045849425,0.0
11.85713640322117,0.0
11.958099661150356,0.0
12.058590833780467,0.0
12.158605953892103,0.0
12.25814107305952,0.0
12.35719226180667,0.0
12.455755609762257,0.0
12.55382722581401,0.0
12.651403238262482,0.0
12.748479794973782,0.0
12.845053063531696,0.0
12.941119231388889,0.0
13.036674506017572,0.0
13.131715115059146,0.0
13.22623730647302,0.0
13.320237348685012,0.0
13.413711530734373,0.0
13.506656162420484,0.0
13.599067574448371,0.0
13.690942118573755,0.0
13.782276167746971,0.0
13.873066116256096,0.0
13.963308379869444,0.0
14.052999395976968,0.0
14.142135623730956,0.0
14.230713544185708,0.0
14.318729660436617,0.0
14.406180497758152,0.0
14.49306260374094,0.0
14.579372548428209,0.0
14.665106924451173,0.0
14.75026234716347,0.0
14.83483545477477,0.0
14.918822908483625,0.0
15.00222139260919,0.0
15.08502761472207,0.0
15.167238305774426,0.0
15.248850220228942,0.0
15.329860136187,0.0
15.410264855515782,0.0
15.490061203974669,0.0
15.569246031340478,0.0
15.647816211531769,0.0
15.725768642732357,0.0
15.803100247513783,0.0
15.879807972956696,0.0
15.955888790771407,0.0
16.03133969741751,0.0
16.106157714222437,0.0
16.180339887498942,0.0
16.253883288661868,0.0
16.326785014343685,0.0
16.399042186509046,0.0
16.470651952568545,0.0
16.541611485491227,0.0
16.61191798391626,0.0
16.681568672263428,0.0
16.750560800842834,0.0
16.818891645963355,0.0
16.88655851004029,0.0
16.95355872170165,0.0
17.01988963589382,0.0
17.0855486339859,0.0
17.15053312387304,0.0
17.21484054007886,0.0
17.27846834385671,0.0
17.3414140232898,0.0
17.40367509339051,0.0
17.465249096198395,0.0
17.526133600877277,0.0
17.586326203811126,0.0
17.645824528699062,0.0
17.704626226649115,0.0
17.762728976270882,0.0
17.820130483767343,0.0
17.87682848302526,0.0
17.932820735704713,0.0
17.988105031327414,0.0
18.042679187364044,0.0
18.096541049320393,0.0
18.14968849082234,0.0
18.202119413699908,0.0
18.25383174807005,0.0
18.304823452418354,0.0
18.355092513679622,0.0
18.404636947317403,0.0
18.453454797402305,0.0
18.50154413668915,0.0
18.548903066693214,0.0
18.595529717765015,0.0
18.641422249164215,0.0
18.686578849132232,0.0
18.730997734963836,0.0
18.77467715307748,0.0
18.817615379084508,0.0
18.859810717857282,0.0
18.90126150359609,0.0
18.941966099894888,0.0
18.98192289980589,0.0
19.02113032590307,0.0
19.059586830344383,0.0
19.09729089493286,0.0
19.1342410311766,0.0
19.170435780347507,0.0
19.205873713538857,0.0
19.24055343172171,0.0
19.274473565800186,0.0
19.30763277666548,0.0
19.340029755248697,0.0
19.371663222572618,0.0
19.402531929802112,0.0
19.43263465829348,0.0
19.46197021964253,0.0
19.49053745573154,0.0
19.518335238774952,0.0
19.54536247136387,0.0
19.571618086509442,0.0
19.59710104768493,0.0
19.621810348866678,0.0
19.64574501457377,0.0
19.668904099906587,0.0
19.691286690584107,0.0
19.71289190297996,0.0
19.73371888415736,0.0
19.753766811902757,0.0
19.77303489475828,0.0
19.79152237205302,0.0
19.80922851393302,0.0
19.826152621390133,0.0
19.842294026289558,0.0
19.85765209139627,0.0
19.87222621040017,0.0
19.886015807939977,0.0
19.899020339626002,0.0
19.911239292061598,0.0
19.922672182863447,0.0
19.933318560680597,0.0
19.943178005212275,0.0
19.952250127224506,0.0
19.960534568565432,0.0
19.9680310021795,0.0
19.974739132120348,0.0
19.980658693562493,0.0
19.985789452811783,0.0
19.990131207314633,0.0
19.993683785666,0.0
19.99644704761618,0.0
19.99842088407632,0.0
19.999605217122742,0.0
20.0,0.0
19.999605217122742,0.0
19.99842088407632,0.0
19.99644704761618,0.0
19.993683785666,0.0
19.990131207314633,0.0
19.985789452811787,0.0
19.980658693562493,0.0
19.974739132120348,0.0
19.9680310021795,0.0
19.960534568565432,0.0
19.952250127224506,0.0
19.943178005212282,0.0
19.9333185606806,0.0
19.92267218286345,0.0
19.9112392920616,0.0
19.899020339626006,0.0
19.886015807939977,0.0
19.87222621040017,0.0
19.857652091396275,0.0
19.842294026289558,0.0
19.826152621390133,0.0
19.809228513933025,0.0
19.79152237205302,0.0
19.77303489475828,0.0
19.753766811902754,0.0
19.733718884157362,0.0
19.71289190297997,0.0
19.69128669058411,0.0
19.668904099906598,0.0
19.64574501457378,0.0
19.62181034886668,0.0
19.59710104768494,0.0
19.571618086509446,0.0
19.545362471363866,0.0
19.51833523877495,0.0
19.490537455731545,0.0
19.461970219642534,0.0
19.432634658293473,0.0
19.402531929802116,0.0
19.371663222572625,0.0
19.340029755248697,0.0
19.307632776665482,0.0
19.2744735658002,0.0
19.24055343172173,0.0
19.205873713538864,0.0
19.17043578034752,0.0
19.134241031176614,0.0
19.097290894932858,0.0
19.059586830344376,0.0
19.021130325903076,0.0
18.981922899805898,0.0
18.941966099894884,0.0
18.901261503596096,0.0
18.859810717857293,0.0
18.8176153790845,0.0
18.77467715307749,0.0
18.730997734963857,0.0
18.686578849132253,0.0
18.641422249164222,0.0
18.595529717765036,0.0
18.548903066693235,0.0
18.501544136689162,0.0
18.4534547974023,0.0
18.404636947317414,0.0
18.355092513679633,0.0
18.304823452418347,0.0
18.253831748070056,0.0
18.20211941369992,0.0
18.14968849082233,0.0
18.096541049320386,0.0
18.04267918736407,0.0
17.98810503132744,0.0
17.932820735704723,0.0
17.876828483025285,0.0
17.82013048376737,0.0
17.762728976270893,0.0
17.70462622664911,0.0
17.645824528699073,0.0
17.586326203811137,0.0
17.52613360087727,0.0
17.465249096198406,0.0
17.40367509339052,0.0
17.341414023289794,0.0
17.2784683438567,0.0
17.214840540078875,0.0
17.150533123873068,0.0
17.085548633985912,0.0
17.01988963589385,0.0
16.953558721701683,0.0
16.886558510040302,0.0
16.818891645963387,0.0
16.750560800842845,0.0
16.681568672263438,0.0
16.611917983916253,0.0
16.54161148549124,0.0
16.47065195256856,0.0
16.399042186509043,0.0
16.326785014343677,0.0
16.253883288661882,0.0
16.180339887498935,0.0
16.10615771422245,0.0
16.031339697417547,0.0
15.955888790771443,0.0
15.87980797295671,0.0
15.803100247513818,0.0
15.725768642732392,0.0
15.64781621153176,0.0
15.569246031340471,0.0
15.490061203974683,0.0
15.410264855515797,0.0
15.32986013618699,0.0
15.248850220228958,0.0
15.16723830577444,0.0
15.085027614722062,0.0
15.002221392609204,0.0
14.918822908483662,0.0
14.834835454774808,0.0
14.750262347163485,0.0
14.665106924451212,0.0
14.57937254842825,0.0
14.493062603740931,0.0
14.406180497758141,0.0
14.318729660436633,0.0
14.230713544185722,0.0
14.142135623730947,0.0
14.052999395976986,0.0
13.96330837986946,0.0
13.873066116256085,0.0
13.78227616774696,0.0
13.690942118573798,0.0
13.599067574448414,0.0
13.506656162420498,0.0
13.413711530734416,0.0
13.320237348685053,0.0
13.226237306473038,0.0
13.131715115059135,0.0
13.036674506017587,0.0
12.941119231388905,0.0
12.845053063531683,0.0
12.748479794973797,0.0
12.6514032382625,0.0
12.553827225813999,0.0
12.455755609762244,0.0
12.357192261806686,0.0
12.258141073059566,0.0
12.15860595389212,0.0
12.058590833780514,0.0
11.958099661150403,0.0
11.857136403221189,0.0
11.75570504584947,0.0
11.653809593371538,0.0
11.551454068445375,0.0
11.448642511891817,0.0
11.345378982535138,0.0
11.241667557042625,0.0
11.13751232976375,0.0
11.032917412568601,0.0
10.927886934685384,0.0
10.822425042537557,0.0
10.716535899579949,0.0
10.610223686134702,0.0
10.503492599225943,0.0
10.396346852414196,0.0
10.288790675630143,0.0
10.180828315007446,0.0
10.072464032715242,0.0
9.96370210678982,0.0
9.854546830965841,0.0
9.745002514506663,0.0
9.635073482034297,0.0
9.524764073358782,0.0
9.414078643306658,0.0
9.303021561549148,0.0
9.191597212429777,0.0
9.079809994790962,0.0
8.96766432180068,0.0
8.855164620778039,0.0
8.742315333018674,0.0
8.629120913619202,0.0
8.51558583130145,0.0
8.40171456823613,0.0
8.287511619865695,0.0
8.172981494727,0.0
8.058128714273247,0.0
7.942957812695614,0.0
7.827473336744056,0.0
7.7116798455479145,0.0
7.595581910436012,0.0
7.479184114756039,0.0
7.3624910536935975,0.0
7.2455073340909255,0.0
7.128237574265032,0.0
7.010686403825207,0.0
6.8928584634903425,0.0
6.774758404905835,0.0
6.656390890459748,0.0
6.537760593098873,0.0
6.418872196144187,0.0
6.2997303931061,0.0
6.18033988749896,0.0
6.060705392655464,0.0
5.940831631540691,0.0
5.820723336565436,0.0
5.700385249399565,0.0
5.5798221207846,0.0
5.459038710346528,0.0
5.338039786407541,0.0
5.216830125797943,0.0
5.095414513667654,0.0
4.973797743297114,0.0
4.851984615908175,0.0
4.729979940474493,0.0
4.607788533531819,0.0
4.485415218987638,0.0
4.362864827930839,0.0
4.240142198441088,0.0
4.117252175397629,0.0
3.9941996102881854,0.0
3.8709893610172235,0.0
3.7476262917145187,0.0
3.6241152725427805,0.0
3.5004611795055274,0.0
3.376668894254691,0.0
3.252743303897694,0.0
3.1286893008046466,0.0
3.0045117824151433,0.0
2.880215651045053,0.0
2.7558058136927785,0.0
2.6312871818456403,0.0
2.506664671286083,0.0
2.3819432018974003,0.0
2.257127697469612,0.0
2.1322230855052196,0.0
2.007234297024327,0.0
1.8821662663703231,0.0
1.7570239310148728,0.0
1.631812231363168,0.0
1.5065361105586794,0.0
1.3812005142881487,0.0
1.2558103905862725,0.0
1.1303706896405035,0.0
1.0048863635954117,0.0
0.8793623663572911,0.0
0.7538036533986916,0.0
0.6282151815625746,0.0
0.5026019088667306,0.0
0.37696879430815233,0.0
0.25132079766708426,0.0
0.12566287931121897,0.0
1.2246467991473532e-14,0.0
-0.12566287931115894,0.0
-0.2513207976670243,0.0
-0.3769687943081634,0.0
-0.5026019088667416,0.0
-0.6282151815625501,0.0
-0.7538036533986671,0.0
-0.8793623663573022,0.0
-1.0048863635953873,0.0
-1.130370689640479,0.0
-1.2558103905862836,0.0
-1.3812005142881243,0.0
-1.506536110558655,0.0
-1.6318122313631083,0.0
-1.7570239310148483,0.0
-1.8821662663702634,0.0
-2.007234297024267,0.0
-2.132223085505195,0.0
-2.2571276974696226,0.0
-2.3819432018973763,0.0
-2.5066646712860585,0.0
-2.6312871818456514,0.0
-2.755805813692755,0.0
-2.8802156510450287,0.0
-3.004511782415154,0.0
-3.128689300804623,0.0
-3.2527433038976694,0.0
-3.3766688942546326,0.0
-3.500461179505503,0.0
-3.6241152725427215,0.0
-3.747626291714459,0.0
-3.870989361017199,0.0
-3.9941996102881268,0.0
-4.1172521753976055,0.0
-4.240142198441064,0.0
-4.362864827930849,0.0
-4.485415218987614,0.0
-4.607788533531795,0.0
-4.729979940474504,0.0
-4.851984615908151,0.0
-4.973797743297091,0.0
-5.095414513667666,0.0
-5.216830125797919,0.0
-5.338039786407483,0.0
-5.45903871034647,0.0
-5.579822120784577,0.0
-5.700385249399506,0.0
-5.820723336565413,0.0
-5.940831631540667,0.0
-6.060705392655441,0.0
-6.18033988749897,0.0
-6.29973039310611,0.0
-6.418872196144196,0.0
-6.537760593098849,0.0
-6.656390890459725,0.0
-6.774758404905813,0.0
-6.8928584634903185,0.0
-7.010686403825151,0.0
-7.128237574264977,0.0
-7.2455073340908696,0.0
-7.362491053693509,0.0
-7.479184114756016,0.0
-7.595581910436023,0.0
-7.711679845547924,0.0
-7.827473336744034,0.0
-7.9429578126955915,0.0
-8.058128714273225,0.0
-8.172981494727011,0.0
-8.287511619865706,0.0
-8.401714568236141,0.0
-8.515585831301461,0.0
-8.62912091361918,0.0
-8.742315333018652,0.0
-8.855164620778018,0.0
-8.967664321800624,0.0
-9.079809994790908,0.0
-9.191597212429723,0.0
-9.303021561549127,0.0
-9.414078643306667,0.0
-9.52476407335879,0.0
-9.635073482034306,0.0
-9.745002514506641,0.0
-9.85454683096582,0.0
-9.963702106789798,0.0
-10.072464032715192,0.0
-10.180828315007455,0.0
-10.288790675630091,0.0
-10.396346852414144,0.0
-10.503492599225863,0.0
-10.610223686134683,0.0
-10.716535899579927,0.0
-10.822425042537505,0.0
-10.927886934685365,0.0
-11.032917412568581,0.0
-11.13751232976373,0.0
-11.241667557042634,0.0
-11.345378982535145,0.0
-11.448642511891826,0.0
-11.551454068445356,0.0
-11.653809593371518,0.0
-11.755705045849451,0.0
-11.857136403221169,0.0
-11.958099661150355,0.0
-12.058590833780464,0.0
-12.158605953892073,0.0
-12.25814107305949,0.0
-12.357192261806695,0.0
-12.455755609762253,0.0
-12.553827225814008,0.0
-12.65140323826248,0.0
-12.748479794973779,0.0
-12.845053063531665,0.0
-12.94111923138886,0.0
-13.036674506017595,0.0
-13.131715115059144,0.0
-13.226237306473045,0.0
-13.320237348684982,0.0
-13.413711530734398,0.0
-13.50665616242048,0.0
-13.59906757444837,0.0
-13.690942118573751,0.0
-13.782276167746943,0.0
-13.873066116256068,0.0
-13.963308379869467,0.0
-14.052999395976993,0.0
-14.142135623730955,0.0
-14.230713544185704,0.0
-14.318729660436615,0.0
-14.406180497758125,0.0
-14.493062603740913,0.0
-14.579372548428207,0.0
-14.665106924451173,0.0
-14.750262347163446,0.0
-14.834835454774746,0.0
-14.918822908483646,0.0
-15.00222139260919,0.0
-15.08502761472207,0.0
-15.167238305774426,0.0
-15.24885022022894,0.0
-15.329860136186975,0.0
-15.410264855515802,0.0
-15.49006120397469,0.0
-15.569246031340478,0.0
-15.647816211531767,0.0
-15.725768642732376,0.0
-15.803100247513802,0.0
-15.879807972956696,0.0
-15.955888790771404,0.0
-16.03133969741751,0.0
-16.106157714222416,0.0
-16.18033988749892,0.0
-16.25388328866189,0.0
-16.326785014343685,0.0
-16.399042186509046,0.0
-16.470651952568545,0.0
-16.541611485491227,0.0
-16.61191798391624,0.0
-16.681568672263406,0.0
-16.75056080084285,0.0
-16.818891645963394,0.0
-16.886558510040274,0.0
-16.953558721701633,0.0
-17.019889635893836,0.0
-17.085548633985898,0.0
-17.15053312387304,0.0
-17.21484054007886,0.0
-17.27846834385669,0.0
-17.34141402328978,0.0
-17.403675093390525,0.0
-17.465249096198413,0.0
-17.526133600877277,0.0
-17.586326203811126,0.0
-17.645824528699062,0.0
-17.704626226649097,0.0
-17.762728976270882,0.0
-17.820130483767343,0.0
-17.876828483025257,0.0
-17.9328207357047,0.0
-17.988105031327397,0.0
-18.04267918736406,0.0
-18.096541049320393,0.0
-18.149688490822335,0.0
-18.202119413699908,0.0
-18.253831748070045,0.0
-18.30482345241834,0.0
-18.355092513679608,0.0
-18.404636947317417,0.0
-18.453454797402305,0.0
-18.501544136689166,0.0
-18.548903066693228,0.0
-18.595529717765025,0.0
-18.641422249164215,0.0
-18.686578849132232,0.0
-18.730997734963836,0.0
-18.77467715307747,0.0
-18.817615379084494,0.0
-18.859810717857293,0.0
-18.9012615035961,0.0
-18.941966099894888,0.0
-18.98192289980589,0.0
-19.02113032590307,0.0
-19.059586830344372,0.0
-19.09729089493285,0.0
-19.13424103117662,0.0
-19.170435780347507,0.0
-19.205873713538846,0.0
-19.2405534317217,0.0
-19.274473565800193,0.0
-19.307632776665475,0.0
-19.340029755248697,0.0
-19.371663222572618,0.0
-19.40253192980211,0.0
-19.43263465829347,0.0
-19.461970219642538,0.0
-19.49053745573155,0.0
-19.518335238774952,0.0
-19.54536247136387,0.0
-19.571618086509442,0.0
-19.597101047684934,0.0
-19.621810348866678,0.0
-19.64574501457377,0.0
-19.668904099906587,0.0
-19.6912866905841,0.0
-19.71289190297995,0.0
-19.733718884157362,0.0
-19.753766811902757,0.0
-19.77303489475828,0.0
-19.79152237205302,0.0
-19.80922851393302,0.0
-19.82615262139013,0.0
-19.842294026289554,0.0
-19.857652091396275,0.0
-19.87222621040017,0.0
-19.886015807939977,0.0
-19.899020339626,0.0
-19.9112392920616,0.0
-19.922672182863447,0.0
-19.933318560680597,0.0
-19.943178005212275,0.0
-19.952250127224502,0.0
-19.96053456856543,0.0
-19.9680310021795,0.0
-19.97473913212035,0.0
-19.980658693562493,0.0
-19.985789452811783,0.0
-19.99013120731463,0.0
-19.993683785666,0.0
-19.99644704761618,0.0
-19.99842088407632,0.0
-19.999605217122742,0.0
-20.0,0.0
-19.999605217122742,0.0
-19.99842088407632,0.0
-19.99644704761618,0.0
-19.993683785666,0.0
-19.990131207314633,0.0
-19.985789452811787,0.0
-19.980658693562496,0.0
-19.97473913212035,0.0
-19.9680310021795,0.0
-19.960534568565432,0.0
-19.952250127224506,0.0
-19.94317800521228,0.0
-19.933318560680597,0.0
-19.92267218286345,0.0
-19.9112392920616,0.0
-19.899020339626006,0.0
-19.886015807939984,0.0
-19.872226210400175,0.0
-19.85765209139627,0.0
-19.842294026289554,0.0
-19.826152621390133,0.0
-19.809228513933025,0.0
-19.79152237205302,0.0
-19.773034894758283,0.0
-19.75376681190276,0.0
-19.733718884157355,0.0
-19.712891902979955,0.0
-19.691286690584118,0.0
-19.668904099906605,0.0
-19.645745014573773,0.0
-19.621810348866685,0.0
-19.59710104768494,0.0
-19.571618086509446,0.0
-19.545362471363877,0.0
-19.518335238774956,0.0
-19.490537455731538,0.0
-19.461970219642527,0.0
-19.432634658293477,0.0
-19.402531929802116,0.0
-19.371663222572625,0.0
-19.340029755248704,0.0
-19.307632776665486,0.0
-19.274473565800204,0.0
-19.24055343172173,0.0
-19.205873713538875,0.0
-19.170435780347532,0.0
-19.134241031176607,0.0
-19.097290894932858,0.0
-19.059586830344376,0.0
-19.021130325903076,0.0
-18.981922899805898,0.0
-18.941966099894895,0.0
-18.90126150359611,0.0
-18.859810717857282,0.0
-18.8176153790845,0.0
-18.774677153077477,0.0
-18.73099773496387,0.0
-18.686578849132243,0.0
-18.641422249164222,0.0
-18.595529717765036,0.0
-18.548903066693235,0.0
-18.501544136689173,0.0
-18.453454797402312,0.0
-18.4046369473174,0.0
-18.35509251367962,0.0
-18.30482345241835,0.0
-18.253831748070056,0.0
-18.20211941369992,0.0
-18.149688490822346,0.0
-18.096541049320404,0.0
-18.04267918736404,0.0
-17.98810503132744,0.0
-17.93282073570474,0.0
-17.876828483025303,0.0
-17.820130483767358,0.0
-17.762728976270893,0.0
-17.70462622664911,0.0
-17.645824528699073,0.0
-17.586326203811137,0.0
-17.52613360087729,0.0
-17.465249096198427,0.0
-17.403675093390504,0.0
-17.341414023289794,0.0
-17.2784683438567,0.0
-17.214840540078875,0.0
-17.15053312387305,0.0
-17.085548633985916,0.0
-17.01988963589385,0.0
-16.953558721701683,0.0
-16.886558510040324,0.0
-16.818891645963408,0.0
-16.750560800842827,0.0
-16.68156867226342,0.0
-16.611917983916253,0.0
-16.541611485491245,0.0
-16.47065195256856,0.0
-16.39904218650906,0.0
-16.3267850143437,0.0
-16.25388328866186,0.0
-16.180339887498935,0.0
-16.106157714222473,0.0
-16.03133969741757,0.0
-15.955888790771422,0.0
-15.879807972956712,0.0
-15.803100247513818,0.0
-15.725768642732394,0.0
-15.647816211531783,0.0
-15.569246031340494,0.0
-15.490061203974664,0.0
-15.410264855515777,0.0
-15.329860136186992,0.0
-15.248850220228958,0.0
-15.167238305774442,0.0
-15.085027614722089,0.0
-15.002221392609208,0.0
-14.918822908483664,0.0
-14.834835454774812,0.0
-14.75026234716351,0.0
-14.665106924451239,0.0
-14.579372548428227,0.0
-14.493062603740935,0.0
-14.406180497758143,0.0
-14.318729660436635,0.0
-14.230713544185726,0.0
-14.142135623730974,0.0
-14.052999395977013,0.0
-13.963308379869437,0.0
-13.873066116256087,0.0
-13.782276167746963,0.0
-13.690942118573773,0.0
-13.599067574448389,0.0
-13.506656162420501,0.0
-13.413711530734417,0.0
-13.320237348685055,0.0
-13.226237306473067,0.0
-13.131715115059164,0.0
-13.036674506017562,0.0
-12.94111923138888,0.0
-12.845053063531687,0.0
-12.7484797949738,0.0
-12.6514032382625,0.0
-12.553827225814027,0.0
-12.455755609762274,0.0
-12.357192261806663,0.0
-12.258141073059509,0.0
-12.158605953892149,0.0
-12.058590833780542,0.0
-11.958099661150376,0.0
-11.857136403221189,0.0
-11.755705045849474,0.0
-11.653809593371541,0.0
-11.551454068445377,0.0
-11.44864251189185,0.0
-11.345378982535168,0.0
-11.241667557042598,0.0
-11.137512329763751,0.0
-11.032917412568604,0.0
-10.927886934685386,0.0
-10.822425042537528,0.0
-10.71653589957995,0.0
-10.610223686134706,0.0
-10.503492599225945,0.0
-10.39634685241423,0.0
-10.288790675630175,0.0
-10.180828315007417,0.0
-10.072464032715214,0.0
-9.963702106789821,0.0
-9.854546830965843,0.0
-9.745002514506664,0.0
-9.635073482034331,0.0
-9.524764073358815,0.0
-9.414078643306627,0.0
-9.30302156154915,0.0
-9.191597212429748,0.0
-9.079809994790995,0.0
-8.96766432180065,0.0
-8.85516462077804,0.0
-8.742315333018677,0.0
-8.629120913619206,0.0
-8.515585831301486,0.0
-8.401714568236166,0.0
-8.287511619865665,0.0
-8.172981494726969,0.0
-8.058128714273249,0.0
-7.9429578126956155,0.0
-7.827473336744059,0.0
-7.711679845547948,0.0
-7.595581910436048,0.0
-7.479184114755975,0.0
-7.362491053693599,0.0
-7.245507334090961,0.0
-7.128237574265068,0.0
-7.010686403825176,0.0
-6.892858463490344,0.0
-6.774758404905837,0.0
-6.65639089045975,0.0
-6.5377605930988745,0.0
-6.418872196144222,0.0
-6.2997303931061355,0.0
-6.180339887498928,0.0
-6.060705392655467,0.0
-5.940831631540693,0.0
-5.820723336565439,0.0
-5.700385249399532,0.0
-5.579822120784602,0.0
-5.45903871034653,0.0
-5.338039786407544,0.0
-5.216830125797979,0.0
-5.095414513667691,0.0
-4.973797743297082,0.0
-4.851984615908142,0.0
-4.729979940474495,0.0
-4.607788533531821,0.0
-4.48541521898764,0.0
-4.362864827930876,0.0
-4.240142198441125,0.0
-4.1172521753975975,0.0
-3.9941996102881183,0.0
-3.8709893610172608,0.0
-3.747626291714556,0.0
-3.624115272542748,0.0
-3.5004611795055296,0.0
-3.376668894254694,0.0
-3.252743303897696,0.0
-3.1286893008046497,0.0
-3.0045117824151806,0.0
-2.8802156510450203,0.0
-2.755805813692746,0.0
-2.631287181845643,0.0
-2.506664671286085,0.0
-2.381943201897403,0.0
-2.2571276974696497,0.0
-2.132223085505222,0.0
-2.0072342970242585,0.0
-1.8821662663703256,0.0
-1.7570239310148401,0.0
-1.631812231363206,0.0
-1.5065361105586463,0.0
-1.3812005142881156,0.0
-1.255810390586275,0.0
-1.1303706896405057,0.0
-1.0048863635954144,0.0
-0.8793623663573291,0.0
-0.7538036533987296,0.0
-0.6282151815625414,0.0
-0.5026019088668041,0.0
-0.3769687943081548,0.0
-0.2513207976671223,0.0
-0.1256628793111859,0.0
-1.4695761589768237e-14,0.0
0.12566287931122755,0.0
0.2513207976670218,0.0
0.3769687943081964,0.0
0.5026019088667035,0.0
0.6282151815625832,0.0
0.7538036533987003,0.0
0.8793623663572286,0.0
1.0048863635953849,0.0
1.1303706896404766,0.0
1.2558103905862459,0.0
1.3812005142880865,0.0
1.506536110558688,0.0
1.6318122313631058,0.0
1.7570239310148814,0.0
1.8821662663702257,0.0
2.0072342970243002,0.0
2.132223085505193,0.0
2.2571276974696204,0.0
2.3819432018973736,0.0
2.506664671286127,0.0
2.6312871818456136,0.0
2.7558058136927173,0.0
2.8802156510450616,0.0
3.004511782415081,0.0
3.12868930080462,0.0
3.2527433038975975,0.0
3.3766688942546654,0.0
3.5004611795055007,0.0
3.624115272542789,0.0
3.747626291714457,0.0
3.870989361017232,0.0
3.9941996102880895,0.0
4.117252175397637,0.0
4.240142198441096,0.0
4.362864827930847,0.0
4.485415218987612,0.0
4.607788533531792,0.0
4.7299799404744665,0.0
4.851984615908115,0.0
4.973797743297123,0.0
5.095414513667595,0.0
5.21683012579795,0.0
5.338039786407447,0.0
5.459038710346501,0.0
5.579822120784574,0.0
5.700385249399504,0.0
5.820723336565411,0.0
5.940831631540733,0.0
6.060705392655439,0.0
6.1803398874989,0.0
6.299730393106108,0.0
6.418872196144127,0.0
6.537760593098847,0.0
6.656390890459722,0.0
6.7747584049058105,0.0
6.892858463490317,0.0
7.010686403825215,0.0
7.1282375742649755,0.0
7.2455073340909335,0.0
7.362491053693505,0.0
7.479184114756014,0.0
7.59558191043602,0.0
7.711679845547922,0.0
7.827473336744032,0.0
7.942957812695589,0.0
8.058128714273224,0.0
8.172981494726944,0.0
8.287511619865702,0.0
8.401714568236073,0.0
8.51558583130146,0.0
8.629120913619113,0.0
8.74231533301865,0.0
8.855164620778016,0.0
8.967664321800687,0.0
9.079809994790907,0.0
9.191597212429784,0.0
9.303021561549125,0.0
9.414078643306665,0.0
9.524764073358789,0.0
9.635073482034242,0.0
9.74500251450664,0.0
9.854546830965816,0.0
9.963702106789796,0.0
10.072464032715189,0.0
10.180828315007453,0.0
10.28879067563009,0.0
10.396346852414203,0.0
10.503492599225861,0.0
10.610223686134681,0.0
10.716535899579927,0.0
10.822425042537503,0.0
10.927886934685363,0.0
11.032917412568636,0.0
11.137512329763728,0.0
11.241667557042573,0.0
11.345378982535143,0.0
11.448642511891766,0.0
11.551454068445352,0.0
11.653809593371458,0.0
11.75570504584945,0.0
11.857136403221167,0.0
11.95809966115041,0.0
12.058590833780462,0.0
12.158605953892128,0.0
12.258141073059488,0.0
12.357192261806693,0.0
12.455755609762251,0.0
12.553827225814004,0.0
12.651403238262478,0.0
12.748479794973777,0.0
12.845053063531664,0.0
12.941119231388857,0.0
13.036674506017594,0.0
13.131715115059087,0.0
13.226237306473045,0.0
13.32023734868498,0.0
13.413711530734396,0.0
13.506656162420478,0.0
13.599067574448366,0.0
13.690942118573751,0.0
13.782276167746994,0.0
13.873066116256068,0.0
13.963308379869465,0.0
14.05299939597699,0.0
14.142135623730903,0.0
14.230713544185702,0.0
14.318729660436613,0.0
14.406180497758124,0.0
14.493062603740913,0.0
14.579372548428253,0.0
14.66510692445117,0.0
14.75026234716349,0.0
14.834835454774744,0.0
14.918822908483644,0.0
15.002221392609187,0.0
15.085027614722069,0.0
15.167238305774424,0.0
15.248850220228984,0.0
15.329860136186975,0.0
15.410264855515756,0.0
15.490061203974687,0.0
15.56924603134043,0.0
15.647816211531765,0.0
15.725768642732332,0.0
15.8031002475138,0.0
15.879807972956694,0.0
15.955888790771446,0.0
16.03133969741751,0.0
16.106157714222455,0.0
16.180339887498917,0.0
16.253883288661886,0.0
16.32678501434368,0.0
16.399042186509046,0.0
16.47065195256854,0.0
16.541611485491224,0.0
16.61191798391624,0.0
16.681568672263406,0.0
16.750560800842848,0.0
16.818891645963355,0.0
16.88655851004031,0.0
16.95355872170163,0.0
17.019889635893833,0.0
17.085548633985898,0.0
17.150533123873036,0.0
17.21484054007886,0.0
17.278468343856726,0.0
17.34141402328978,0.0
17.40367509339049,0.0
17.46524909619841,0.0
17.52613360087724,0.0
17.586326203811126,0.0
17.645824528699062,0.0
17.704626226649097,0.0
17.76272897627088,0.0
17.82013048376737,0.0
17.876828483025257,0.0
17.932820735704727,0.0
17.988105031327393,0.0
18.042679187364058,0.0
18.09654104932039,0.0
18.149688490822335,0.0
18.202119413699908,0.0
18.253831748070045,0.0
18.304823452418336,0.0
18.355092513679608,0.0
18.404636947317417,0.0
18.453454797402276,0.0
18.501544136689162,0.0
18.5489030666932,0.0
18.595529717765025,0.0
18.64142224916421,0.0
18.686578849132232,0.0
18.730997734963836,0.0
18.77467715307749,0.0
18.817615379084494,0.0
18.859810717857293,0.0
18.9012615035961,0.0
18.941966099894863,0.0
18.98192289980589,0.0
19.021130325903066,0.0
19.05958683034437,0.0
19.09729089493285,0.0
19.13424103117662,0.0
19.170435780347503,0.0
19.205873713538864,0.0
19.2405534317217,0.0
19.274473565800193,0.0
19.307632776665475,0.0
19.340029755248697,0.0
19.371663222572618,0.0
19.402531929802127,0.0
19.43263465829347,0.0
19.46197021964252,0.0
19.49053745573155,0.0
19.518335238774934,0.0
19.54536247136387,0.0
19.571618086509424,0.0
19.597101047684934,0.0
19.621810348866678,0.0
19.64574501457378,0.0
19.668904099906587,0.0
19.69128669058411,0.0
19.71289190297995,0.0
19.733718884157362,0.0
19.753766811902757,0.0
19.77303489475828,0.0
19.791522372053016,0.0
19.80922851393302,0.0
19.82615262139013,0.0
19.842294026289554,0.0
19.857652091396275,0.0
19.87222621040016,0.0
19.886015807939977,0.0
19.899020339626,0.0
19.9112392920616,0.0
19.922672182863447,0.0
19.933318560680597,0.0
19.943178005212275,0.0
19.952250127224506,0.0
19.96053456856543,0.0
19.9680310021795,0.0
19.97473913212035,0.0
19.980658693562493,0.0
19.985789452811783,0.0
19.99013120731463,0.0
19.993683785666,0.0
19.99644704761618,0.0
19.99842088407632,0.0
19.999605217122742,0.0
20.0,0.0
19.999605217122742,0.0
19.99842088407632,0.0
19.99644704761618,0.0
19.993683785666,0.0
19.990131207314633,0.0
19.985789452811783,0.0
19.980658693562496,0.0
19.97473913212035,0.0
19.9680310021795,0.0
19.960534568565436,0.0
19.952250127224506,0.0
19.943178005212285,0.0
19.9333185606806,0.0
19.92267218286345,0.0
19.911239292061595,0.0
19.899020339626006,0.0
19.886015807939973,0.0
19.872226210400175,0.0
19.85765209139627,0.0
19.842294026289554,0.0
19.82615262139014,0.0
19.809228513933025,0.0
19.791522372053024,0.0
19.773034894758283,0.0
19.75376681190276,0.0
19.733718884157355,0.0
19.71289190297997,0.0
19.691286690584104,0.0
19.668904099906605,0.0
19.645745014573773,0.0
19.621810348866685,0.0
19.59710104768494,0.0
19.57161808650945,0.0
19.54536247136386,0.0
19.51833523877496,0.0
19.490537455731555,0.0
19.461970219642527,0.0
19.432634658293495,0.0
19.40253192980212,0.0
19.371663222572643,0.0
19.340029755248704,0.0
19.307632776665486,0.0
19.274473565800182,0.0
19.24055343172173,0.0
19.205873713538853,0.0
19.170435780347535,0.0
19.134241031176607,0.0
19.097290894932858,0.0
19.05958683034438,0.0
19.021130325903076,0.0
18.981922899805898,0.0
18.941966099894895,0.0
18.90126150359611,0.0
18.859810717857282,0.0
18.81761537908453,0.0
18.77467715307748,0.0
18.73099773496387,0.0
18.686578849132246,0.0
18.641422249164226,0.0
18.595529717765036,0.0
18.54890306669324,0.0
18.501544136689148,0.0
18.453454797402316,0.0
18.4046369473174,0.0
18.35509251367962,0.0
18.30482345241838,0.0
18.25383174807006,0.0
18.20211941369992,0.0
18.14968849082235,0.0
18.096541049320404,0.0
18.042679187364044,0.0
17.988105031327443,0.0
17.93282073570471,0.0
17.876828483025303,0.0
17.820130483767358,0.0
17.762728976270893,0.0
17.70462622664911,0.0
17.645824528699077,0.0
17.586326203811105,0.0
17.52613360087729,0.0
17.465249096198427,0.0
17.403675093390504,0.0
17.341414023289833,0.0
17.278468343856705,0.0
17.21484054007891,0.0
17.150533123873053,0.0
17.085548633985916,0.0
17.019889635893815,0.0
16.953558721701686,0.0
16.886558510040288,0.0
16.81889164596341,0.0
16.750560800842827,0.0
16.681568672263424,0.0
16.611917983916257,0.0
16.541611485491245,0.0
16.47065195256856,0.0
16.399042186509064,0.0
16.326785014343702,0.0
16.253883288661864,0.0
16.18033988749898,0.0
16.10615771422243,0.0
16.03133969741757,0.0
15.955888790771422,0.0
15.879807972956714,0.0
15.80310024751382,0.0
15.725768642732394,0.0
15.64781621153174,0.0
15.569246031340496,0.0
15.490061203974664,0.0
15.410264855515777,0.0
15.329860136187039,0.0
15.24885022022896,0.0
15.167238305774491,0.0
15.085027614722089,0.0
15.00222139260921,0.0
14.918822908483618,0.0
14.834835454774813,0.0
14.750262347163464,0.0
14.66510692445124,0.0
14.579372548428227,0.0
14.493062603740935,0.0
14.406180497758145,0.0
14.318729660436635,0.0
14.230713544185676,0.0
14.142135623730976,0.0
14.052999395977013,0.0
13.963308379869439,0.0
13.87306611625614,0.0
13.782276167746964,0.0
13.690942118573828,0.0
13.59906757444839,0.0
13.506656162420503,0.0
13.413711530734421,0.0
13.320237348685058,0.0
13.226237306473013,0.0
13.131715115059166,0.0
13.036674506017565,0.0
12.941119231388882,0.0
12.845053063531743,0.0
12.748479794973802,0.0
12.651403238262501,0.0
12.553827225814029,0.0
12.455755609762276,0.0
12.357192261806663,0.0
12.258141073059567,0.0
12.158605953892096,0.0
12.058590833780546,0.0
11.958099661150378,0.0
11.85713640322119,0.0
11.755705045849476,0.0
11.653809593371541,0.0
11.55145406844532,0.0
11.448642511891851,0.0
11.345378982535168,0.0
11.241667557042598,0.0
11.137512329763812,0.0
11.032917412568606,0.0
10.92788693468545,0.0
10.822425042537528,0.0
10.716535899579952,0.0
10.610223686134647,0.0
10.503492599225947,0.0
10.396346852414169,0.0
10.288790675630178,0.0
10.18082831500742,0.0
10.072464032715216,0.0
9.963702106789823,0.0
9.854546830965845,0.0
9.745002514506666,0.0
9.635073482034333,0.0
9.524764073358817,0.0
9.41407864330663,0.0
9.303021561549215,0.0
9.19159721242975,0.0
9.079809994790999,0.0
8.967664321800651,0.0
8.855164620778043,0.0
8.742315333018679,0.0
8.629120913619207,0.0
8.515585831301424,0.0
8.401714568236168,0.0
8.287511619865667,0.0
8.172981494726972,0.0
8.058128714273318,0.0
7.942957812695618,0.0
7.827473336744126,0.0
7.711679845547951,0.0
7.59558191043605,0.0
7.479184114755978,0.0
7.362491053693602,0.0
7.245507334090897,0.0
7.1282375742650705,0.0
7.010686403825178,0.0
6.892858463490347,0.0
6.774758404905841,0.0
6.656390890459752,0.0
6.53776059309881,0.0
6.418872196144224,0.0
6.299730393106139,0.0
6.180339887498931,0.0
6.060705392655537,0.0
5.940831631540695,0.0
5.82072333656551,0.0
5.700385249399535,0.0
5.579822120784605,0.0
5.459038710346532,0.0
5.3380397864075455,0.0
5.216830125797912,0.0
5.095414513667693,0.0
4.973797743297085,0.0
4.851984615908145,0.0
4.729979940474498,0.0
4.607788533531823,0.0
4.485415218987643,0.0
4.362864827930878,0.0
4.240142198441127,0.0
4.117252175397599,0.0
3.9941996102881907,0.0
3.8709893610171937,0.0
3.747626291714558,0.0
3.624115272542751,0.0
3.5004611795055323,0.0
3.3766688942546965,0.0
3.2527433038976987,0.0
3.1286893008045813,0.0
3.0045117824151832,0.0
2.880215651045023,0.0
2.755805813692749,0.0
2.6312871818457158,0.0
2.506664671286088,0.0
2.3819432018974758,0.0
2.2571276974696524,0.0
2.1322230855052244,0.0
2.007234297024261,0.0
1.8821662663703282,0.0
1.7570239310148423,0.0
1.6318122313632086,0.0
1.506536110558649,0.0
1.381200514288118,0.0
1.2558103905862774,0.0
1.1303706896405084,0.0
1.0048863635954168,0.0
0.8793623663573314,0.0
0.753803653398732,0.0
0.6282151815625439,0.0
0.5026019088668064,0.0
0.3769687943081572,0.0
0.2513207976671247,0.0
0.12566287931118836,0.0
0.0,0.0
0.0,0.0
0.0,0.0
0.0,0.0
0.0,0.0
0.0,0.0
0.0,0.0
0.0,0.0
0.0,0.0
0.0,0.0
0.0,0.0
0.0,0.0
0.0,0.0
0.0,0.0
0.0,0.0
0.0,0.0
0.0,0.0
0.0,0.0
0.0,0.0
0.0,0.0
0.0,0.0
0.0,0.0
0.0,0.0
0.0,0.0
0.0,0.0
0.0,0.0
0.0,0.0
0.0,0.0
0.0,0.0
0.0,0.0
0.0,0.0
0.0,0.0
0.0,0.0
0.0,0.0
0.0,0.0
0.0,0.0
0.0,0.0
0.0,0.0
0.0,0.0
0.0,0.0
0.0,0.0
0.0,0.0
0.0,0.0
0.0,0.0
0.0,0.0
0.0,0.0
0.0,0.0
0.0,0.0
0.0,0.0
0.0,0.0
0.0,0.0
0.0,0.0
0.0,0.0
0.0,0.0
0.0,0.0
0.0,0.0
0.0,0.0
0.0,0.0
0.0,0.0
0.0,0.0
0.0,0.0
0.0,0.0
0.0,0.0
0.0,0.0
0.0,0.0
0.0,0.0
0.0,0.0
0.0,0.0
0.0,0.0
0.0,0.0
0.0,0.0
0.0,0.0
0.0,0.0
0.0,0.0
0.0,0.0
0.0,0.0
0.0,0.0
0.0,0.0
0.0,0.0
0.0,0.0
0.0,0.0
0.0,0.0
0.0,0.0
0.0,0.0
0.0,0.0
0.0,0.0
0.0,0.0
0.0,0.0
0.0,0.0
0.0,0.0
0.0,0.0
0.0,0.0
0.0,0.0
0.0,0.0
0.0,0.0
0.0,0.0
0.0,0.0
0.0,0.0
0.0,0.0
0.0,0.0
0.0,0.0
0.0,0.0
0.0,0.0
0.0,0.0
0.0,0.0
0.0,0.0
0.0,0.0
0.0,0.0
0.0,0.0
0.0,0.0
0.0,0.0
0.0,0.0
0.0,0.0
0.0,0.0
0.0,0.0
0.0,0.0
0.0,0.0
0.0,0.0
0.0,0.0
0.0,0.0
0.0,0.0
0.0,0.0
0.0,0.0
0.0,0.0
0.0,0.0
0.0,0.0
0.0,0.0
0.0,0.0
0.0,0.0
0.0,0.0
0.0,0.0
0.0,0.0
0.0,0.0
0.0,0.0
0.0,0.0
0.0,0.0
0.0,0.0
0.0,0.0
0.0,0.0
0.0,0.0
0.0,0.0
0.0,0.0
0.0,0.0
0.0,0.0
0.0,0.0
0.0,0.0
0.0,0.0
0.0,0.0
0.0,0.0
0.0,0.0
0.0,0.0
0.0,0.0
0.0,0.0
0.0,0.0
0.0,0.0
0.0,0.0
0.0,0.0
0.0,0.0
0.0,0.0
0.0,0.0
0.0,0.0
0.0,0.0
0.0,0.0
0.0,0.0
0.0,0.0
0.0,0.0
0.0,0.0
0.0,0.0
0.0,0.0
0.0,0.0
0.0,0.0
0.0,0.0
0.0,0.0
0.0,0.0
0.0,0.0
0.0,0.0
0.0,0.0
0.0,0.0
0.0,0.0
0.0,0.0
0.0,0.0
0.0,0.0
0.0,0.0
0.0,0.0
0.0,0.0
0.0,0.0
0.0,0.0
0.0,0.0
0.0,0.0
0.0,0.0
0.0,0.0
0.0,0.0
0.0,0.0
0.0,0.0
0.0,0.0
0.0,0.0
0.0,0.0
0.0,0.0
0.0,0.0
0.0,0.0
0.0,0.0
0.0,0.0
0.0,0.0
0.0,0.0
0.0,0.0
0.0,0.0
0.0,0.0
0.0,0.0
0.0,0.0
0.0,0.0
0.0,0.0
0.0,0.0
0.0,0.0
0.0,0.0
0.0,0.0
0.0,0.0
0.0,0.0
0.0,0.0
0.0,0.0
0.0,0.0
0.0,0.0
0.0,0.0
0.0,0.0
0.0,0.0
0.0,0.0
0.0,0.0
0.0,0.0
0.0,0.0
0.0,0.0
0.0,0.0
0.0,0.0
0.0,0.0
0.0,0.0
0.0,0.0
0.0,0.0
0.0,0.0
0.0,0.0
0.0,0.0
0.0,0.0
0.0,0.0
0.0,0.0
0.0,0.0
0.0,0.0
0.0,0.0
0.0,0.0
0.0,0.0
0.0,0.0
0.0,0.0
0.0,0.0
0.0,0.0
0.0,0.0
0.0,0.0
0.0,0.0
0.0,0.0
0.0,0.0
0.0,0.0
0.0,0.0
0.0,0.0
0.0,0.0
0.0,0.0
0.0,0.0
0.0,0.0
0.0,0.0
0.0,0.0
0.0,0.0
0.0,0.0
0.0,0.0
0.0,0.0
0.0,0.0
0.0,0.0
0.0,0.0
0.0,0.0
0.0,0.0
0.0,0.0
0.0,0.0
0.0,0.0
0.0,0.0
0.0,0.0
0.0,0.0
0.0,0.0
0.0,0.0
0.0,0.0
0.0,0.0
0.0,0.0
0.0,0.0
0.0,0.0
0.0,0.0
0.0,0.0
0.0,0.0
0.0,0.0
0.0,0.0
0.0,0.0
0.0,0.0
0.0,0.0
0.0,0.0
0.0,0.0
0.0,0.0
0.0,0.0
0.0,0.0
0.0,0.0
0.0,0.0
0.0,0.0
0.0,0.0
0.0,0.0
0.0,0.0
0.0,0.0
0.0,0.0
0.0,0.0
0.0,0.0
0.0,0.0
0.0,0.0
0.0,0.0
0.0,0.0
0.0,0.0
0.0,0.0
0.0,0.0
0.0,0.0
0.0,0.0
0.0,0.0
0.0,0.0
0.0,0.0
0.0,0.0
0.0,0.0
0.0,0.0
0.0,0.0
0.0,0.0
0.0,0.0
0.0,0.0
0.0,0.0
0.0,0.0
0.0,0.0
0.0,0.0
0.0,0.0
0.0,0.0
0.0,0.0
0.0,0.0
0.0,0.0
0.0,0.0
0.0,0.0
0.0,0.0
0.0,0.0
0.0,0.0
0.0,0.0
0.0,0.0
0.0,0.0
0.0,0.0
0.0,0.0
0.0,0.0
0.0,0.0
0.0,0.0
0.0,0.0
0.0,0.0
0.0,0.0
0.0,0.0
0.0,0.0
0.0,0.0
0.0,0.0
0.0,0.0
0.0,0.0
0.0,0.0
0.0,0.0
0.0,0.0
0.0,0.0
0.0,0.0
0.0,0.0
0.0,0.0
0.0,0.0
0.0,0.0
0.0,0.0
0.0,0.0
0.0,0.0
0.0,0.0
0.0,0.0
0.0,0.0
0.0,0.0
0.0,0.0
0.0,0.0
0.0,0.0
0.0,0.0
0.0,0.0
0.0,0.0
0.0,0.0
0.0,0.0
0.0,0.0
0.0,0.0
0.0,0.0
0.0,0.0
0.0,0.0
0.0,0.0
0.0,0.0
0.0,0.0
0.0,0.0
0.0,0.0
0.0,0.0
0.0,0.0
0.0,0.0
0.0,0.0
0.0,0.0
0.0,0.0
0.0,0.0
0.0,0.0
0.0,0.0
0.0,0.0
0.0,0.0
0.0,0.0
0.0,0.0
0.0,0.0
0.0,0.0
0.0,0.0
0.0,0.0
0.0,0.0
0.0,0.0
0.0,0.0
0.0,0.0
0.0,0.0
0.0,0.0
0.0,0.0
0.0,0.0
0.0,0.0
0.0,0.0
0.0,0.0
0.0,0.0
0.0,0.0
0.0,0.0
0.0,0.0
0.0,0.0
0.0,0.0
0.0,0.0
0.0,0.0
0.0,0.0
0.0,0.0
0.0,0.0
0.0,0.0
0.0,0.0
0.0,0.0
0.0,0.0
0.0,0.0
0.0,0.0
0.0,0.0
0.0,0.0
0.0,0.0
0.0,0.0
0.0,0.0
0.0,0.0
0.0,0.0
0.0,0.0
0.0,0.0
0.0,0.0
0.0,0.0
0.0,0.0
0.0,0.0
0.0,0.0
0.0,0.0
0.0,0.0
0.0,0.0
0.0,0.0
0.0,0.0
0.0,0.0
0.0,0.0
0.0,0.0
0.0,0.0
0.0,0.0
0.0,0.0
0.0,0.0
0.0,0.0
0.0,0.0
0.0,0.0
0.0,0.0
0.0,0.0
0.0,0.0
0.0,0.0
0.0,0.0
0.0,0.0
0.0,0.0
0.0,0.0
0.0,0.0
0.0,0.0
0.0,0.0
0.0,0.0
0.0,0.0
0.0,0.0
0.0,0.0
0.0,0.0
0.0,0.0
0.0,0.0
0.0,0.0
0.0,0.0
0.0,0.0
0.0,0.0
0.0,0.0
0.0,0.0
0.0,0.0
0.0,0.0
0.0,0.0
0.0,0.0
0.0,0.0
0.0,0.0
0.0,0.0
0.0,0.0
0.0,0.0
0.0,0.0
0.0,0.0
0.0,0.0
0.0,0.0
0.0,0.0
0.0,0.0
0.0,0.0
0.0,0.0
0.0,0.0
0.0,0.0
0.0,0.0
0.0,0.0
0.0,0.0
0.0,0.0
0.0,0.0
0.0,0.0
0.0,0.0
0.0,0.0
0.0,0.0
0.0,0.0
0.0,0.0
0.0,0.0
0.0,0.0
0.0,0.0
0.0,0.0
0.0,0.0
0.0,0.0
0.0,0.0
0.0,0.0
0.0,0.0
0.0,0.0
0.0,0.0
0.0,0.0
0.0,0.0
0.0,0.0
0.0,0.0
0.0,0.0
0.0,0.0
0.0,0.0
0.0,0.0
0.0,0.0
0.0,0.0
0.0,0.0
0.0,0.0
0.0,0.0
0.0,0.0
0.0,0.0
0.0,0.0
0.0,0.0
0.0,0.0
0.0,0.0
0.0,0.0
0.0,0.0
0.0,0.0
0.0,0.0
0.0,0.0
0.0,0.0
0.0,0.0
0.0,0.0
0.0,0.0
0.0,0.0
0.0,0.0
0.0,0.0
0.0,0.0
0.0,0.0
0.0,0.0
0.0,0.0
0.0,0.0
0.0,0.0
0.0,0.0
0.0,0.0
0.0,0.0
0.0,0.0
0.0,0.0
0.0,0.0
0.0,0.0
0.0,0.0
0.0,0.0
0.0,0.0
0.0,0.0
0.0,0.0
0.0,0.0
0.0,0.0
0.0,0.0
0.0,0.0
0.0,0.0
0.0,0.0
0.0,0.0
0.0,0.0
0.0,0.0
0.0,0.0
0.0,0.0
0.0,0.0
0.0,0.0
0.0,0.0
0.0,0.0
0.0,0.0
0.0,0.0
0.0,0.0
0.0,0.0
0.0,0.0
0.0,0.0
0.0,0.0
0.0,0.0
0.0,0.0
0.0,0.0
0.0,0.0
0.0,0.0
0.0,0.0
0.0,0.0
0.0,0.0
0.0,0.0
0.0,0.0
0.0,0.0
0.0,0.0
0.0,0.0
0.0,0.0
0.0,0.0
0.0,0.0
0.0,0.0
0.0,0.0
0.0,0.0
0.0,0.0
0.0,0.0
0.0,0.0
0.0,0.0
0.0,0.0
0.0,0.0
0.0,0.0
0.0,0.0
0.0,0.0
0.0,0.0
0.0,0.0
0.0,0.0
0.0,0.0
0.0,0.0
0.0,0.0
0.0,0.0
0.0,0.0
0.0,0.0
0.0,0.0
0.0,0.0
0.0,0.0
0.0,0.0
0.0,0.0
0.0,0.0
0.0,0.0
0.0,0.0
0.0,0.0
0.0,0.0
0.0,0.0
0.0,0.0
0.0,0.0
0.0,0.0
0.0,0.0
0.0,0.0
0.0,0.0
0.0,0.0
0.0,0.0
0.0,0.0
0.0,0.0
0.0,0.0
0.0,0.0
0.0,0.0
0.0,0.0
0.0,0.0
0.0,0.0
0.0,0.0
0.0,0.0
0.0,0.0
0.0,0.0
0.0,0.0
0.0,0.0
0.0,0.0
0.0,0.0
0.0,0.0
0.0,0.0
0.0,0.0
0.0,0.0
0.0,0.0
0.0,0.0
0.0,0.0
0.0,0.0
0.0,0.0
0.0,0.0
0.0,0.0
0.0,0.0
0.0,0.0
0.0,0.0
0.0,0.0
0.0,0.0
0.0,0.0
0.0,0.0
0.0,0.0
0.0,0.0
0.0,0.0
0.0,0.0
0.0,0.0
0.0,0.0
0.0,0.0
0.0,0.0
0.0,0.0
0.0,0.0
0.0,0.0
0.0,0.0
0.0,0.0
0.0,0.0
0.0,0.0
0.0,0.0
0.0,0.0
0.0,0.0
0.0,0.0
0.0,0.0
0.0,0.0
0.0,0.0
0.0,0.0
0.0,0.0
0.0,0.0
0.0,0.0
0.0,0.0
0.0,0.0
0.0,0.0
0.0,0.0
0.0,0.0
0.0,0.0
0.0,0.0
0.0,0.0
0.0,0.0
0.0,0.0
0.0,0.0
0.0,0.0
0.0,0.0
0.0,0.0
0.0,0.0
0.0,0.0
0.0,0.0
0.0,0.0
0.0,0.0
0.0,0.0
0.0,0.0
0.0,0.0
0.0,0.0
0.0,0.0
0.0,0.0
0.0,0.0
0.0,0.0
0.0,0.0
0.0,0.0
0.0,0.0
0.0,0.0
0.0,0.0
0.0,0.0
0.0,0.0
0.0,0.0
0.0,0.0
0.0,0.0
0.0,0.0
0.0,0.0
0.0,0.0
0.0,0.0
0.0,0.0
0.0,0.0
0.0,0.0
0.0,0.0
0.0,0.0
0.0,0.0
0.0,0.0
0.0,0.0
0.0,0.0
0.0,0.0
0.0,0.0
0.0,0.0
0.0,0.0
0.0,0.0
0.0,0.0
0.0,0.0
0.0,0.0
0.0,0.0
0.0,0.0
0.0,0.0
0.0,0.0
0.0,0.0
0.0,0.0
0.0,0.0
0.0,0.0
0.0,0.0
0.0,0.0
0.0,0.0
0.0,0.0
0.0,0.0
0.0,0.0
0.0,0.0
0.0,0.0
0.0,0.0
0.0,0.0
0.0,0.0
0.0,0.0
0.0,0.0
0.0,0.0
0.0,0.0
0.0,0.0
0.0,0.0
0.0,0.0
0.0,0.0
0.0,0.0
0.0,0.0
0.0,0.0
0.0,0.0
0.0,0.0
0.0,0.0
0.0,0.0
0.0,0.0
0.0,0.0
0.0,0.0
0.0,0.0
0.0,0.0
0.0,0.0
0.0,0.0
0.0,0.0
0.0,0.0
0.0,0.0
0.0,0.0
0.0,0.0
0.0,0.0
0.0,0.0
0.0,0.0
0.0,0.0
0.0,0.0
0.0,0.0
0.0,0.0
0.0,0.0
0.0,0.0
0.0,0.0
0.0,0.0
0.0,0.0
0.0,0.0
0.0,0.0
0.0,0.0
0.0,0.0
0.0,0.0
0.0,0.0
0.0,0.0
0.0,0.0
0.0,0.0
0.0,0.0
0.0,0.0
0.0,0.0
0.0,0.0
0.0,0.0
0.0,0.0
0.0,0.0
0.0,0.0
0.0,0.0
0.0,0.0
0.0,0.0
0.0,0.0
0.0,0.0
0.0,0.0
0.0,0.0
0.0,0.0
0.0,0.0
0.0,0.0
0.0,0.0
0.0,0.0
0.0,0.0
0.0,0.0
0.0,0.0
0.0,0.0
0.0,0.0
0.0,0.0
0.0,0.0
0.0,0.0
0.0,0.0
0.0,0.0
0.0,0.0
0.0,0.0
0.0,0.0
0.0,0.0
0.0,0.0
0.0,0.0
0.0,0.0
0.0,0.0
0.0,0.0
0.0,0.0
0.0,0.0
0.0,0.0
0.0,0.0
0.0,0.0
0.0,0.0
0.0,0.0
0.0,0.0
0.0,0.0
0.0,0.0
0.0,0.0
0.0,0.0
0.0,0.0
0.0,0.0
0.0,0.0
0.0,0.0
0.0,0.0
0.0,0.0
0.0,0.0
0.0,0.0
0.0,0.0
0.0,0.0
0.0,0.0
0.0,0.0
0.0,0.0
0.0,0.0
0.0,0.0
0.0,0.0
0.0,0.0
0.0,0.0
0.0,0.0
0.0,0.0
0.0,0.0
0.0,0.0
0.0,0.0
0.0,0.0
0.0,0.0
0.0,0.0
0.0,0.0
0.0,0.0
0.0,0.0
0.0,0.0
0.0,0.0
0.0,0.0
0.0,0.0
0.0,0.0
0.0,0.0
0.0,0.0
0.0,0.0
0.0,0.0
0.0,0.0
0.0,0.0
0.0,0.0
0.0,0.0
0.0,0.0
0.0,0.0
0.0,0.0
0.0,0.0
0.0,0.0
0.0,0.0
0.0,0.0
0.0,0.0
0.0,0.0
0.0,0.0
0.0,0.0
0.0,0.0
0.0,0.0
0.0,0.0
0.0,0.0
0.0,0.0
0.0,0.0
0.0,0.0
0.0,0.0
0.0,0.0
0.0,0.0
0.0,0.0
0.0,0.0
0.0,0.0
0.0,0.0
0.0,0.0
0.0,0.0
0.0,0.0
0.0,0.0
0.0,0.0
0.0,0.0
0.0,0.0
0.0,0.0
0.0,0.0
0.0,0.0
0.0,0.0
0.0,0.0
0.0,0.0
0.0,0.0
0.0,0.0
0.0,0.0
0.0,0.0
0.0,0.0
0.0,0.0
0.0,0.0
0.0,0.0
0.0,0.0
0.0,0.0
0.0,0.0
0.0,0.0
0.0,0.0
0.0,0.0
0.0,0.0
0.0,0.0
0.0,0.0
0.0,0.0
0.0,0.0
0.0,0.0
0.0,0.0
0.0,0.0
0.0,0.0
0.0,0.0
0.0,0.0
0.0,0.0
0.0,0.0
0.0,0.0
0.0,0.0
0.0,0.0
0.0,0.0
0.0,0.0
0.0,0.0
0.0,0.0
0.0,0.0
0.0,0.0
0.0,0.0
0.0,0.0
0.0,0.0
0.0,0.0
0.0,0.0
0.0,0.0
0.0,0.0
0.0,0.0
0.0,0.0
0.0,0.0
0.0,0.0
0.0,0.0
0.0,0.0
0.0,0.0
0.0,0.0
0.0,0.0
0.0,0.0
0.0,0.0
0.0,0.0
0.0,0.0
0.0,0.0
0.0,0.0
0.0,0.0
0.0,0.0
0.0,0.0
0.0,0.0
0.0,0.0
0.0,0.0
0.0,0.0
0.0,0.0
0.0,0.0
0.0,0.0
0.0,0.0
0.0,0.0
0.0,0.0
0.0,0.0
0.0,0.0
0.0,0.0
0.0,0.0
0.0,0.0
0.0,0.0
0.0,0.0
0.0,0.0
0.0,0.0
0.0,0.0
0.0,0.0
0.0,0.0
0.0,0.0
0.0,0.0
0.0,0.0
0.0,0.0
0.0,0.0
0.0,0.0
0.0,0.0
0.0,0.0
0.0,0.0
0.0,0.0
0.0,0.0
0.0,0.0
0.0,0.0
0.0,0.0
0.0,0.0
0.0,0.0
0.0,0.0
0.0,0.0
0.0,0.0
0.0,0.0
0.0,0.0
0.0,0.0
0.0,0.0
0.0,0.0
0.0,0.0
0.0,0.0
0.0,0.0
0.0,0.0
0.0,0.0
0.0,0.0
0.0,0.0
0.0,0.0
0.0,0.0
0.0,0.0
0.0,0.0
0.0,0.0
0.0,0.0
0.0,0.0
0.0,0.0
0.0,0.0
0.0,0.0
0.0,0.0
0.0,0.0
0.0,0.0
0.0,0.0
0.0,0.0
0.0,0.0
0.0,0.0
0.0,0.0
0.0,0.0
0.0,0.0
0.0,0.0
0.0,0.0
0.0,0.0
0.0,0.0
0.0,0.0
0.0,0.0
0.0,0.0
0.0,0.0
0.0,0.0
0.0,0.0
0.0,0.0
0.0,0.0
0.0,0.0
0.0,0.0
0.0,0.0
0.0,0.0
0.0,0.0
0.0,0.0
0.0,0.0
0.0,0.0
0.0,0.0
0.0,0.0
0.0,0.0
0.0,0.0
0.0,0.0
0.0,0.0
0.0,0.0
0.0,0.0
0.0,0.0
0.0,0.0
0.0,0.0
0.0,0.0
0.0,0.0
0.0,0.0
0.0,0.0
0.0,0.0
0.0,0.0
0.0,0.0
0.0,0.0
0.0,0.0
0.0,0.0
0.0,0.0
0.0,0.0
0.0,0.0
0.0,0.0
0.0,0.0
0.0,0.0
0.0,0.0
0.0,0.0
0.0,0.0
0.0,0.0
0.0,0.0
0.0,0.0
0.0,0.0
0.0,0.0
0.0,0.0
0.0,0.0
0.0,0.0
0.0,0.0
0.0,0.0
0.0,0.0
0.0,0.0
0.0,0.0
0.0,0.0
0.0,0.0
0.0,0.0
0.0,0.0
0.0,0.0
0.0,0.0
0.0,0.0
0.0,0.0
0.0,0.0
0.0,0.0
0.0,0.0
0.0,0.0
0.0,0.0
0.0,0.0
0.0,0.0
0.0,0.0
0.0,0.0
0.0,0.0
0.0,0.0
0.0,0.0
0.0,0.0
0.0,0.0
0.0,0.0
0.0,0.0
0.0,0.0
0.0,0.0
0.0,0.0
0.0,0.0
0.0,0.0
0.0,0.0
0.0,0.0
0.0,0.0
0.0,0.0
0.0,0.0
0.0,0.0
0.0,0.0
0.0,0.0
0.0,0.0
0.0,0.0
0.0,0.0
0.0,0.0
0.0,0.0
0.0,0.0
0.0,0.0
0.0,0.0
0.0,0.0
0.0,0.0
0.0,0.0
0.0,0.0
0.0,0.0
0.0,0.0
0.0,0.0
0.0,0.0
0.0,0.0
0.0,0.0
0.0,0.0
0.0,0.0
0.0,0.0
0.0,0.0
0.0,0.0
0.0,0.0
0.0,0.0
0.0,0.0
0.0,0.0
0.0,0.0
0.0,0.0
0.0,0.0
0.0,0.0
0.0,0.0
0.0,0.0
0.0,0.0
0.0,0.0
0.0,0.0
0.0,0.0
0.0,0.0
0.0,0.0
0.0,0.0
0.0,0.0
0.0,0.0
0.0,0.0
0.0,0.0
0.0,0.0
0.0,0.0
0.0,0.0
0.0,0.0
0.0,0.0
0.0,0.0
0.0,0.0
0.0,0.0
0.0,0.0
0.0,0.0
0.0,0.0
0.0,0.0
0.0,0.0
0.0,0.0
0.0,0.0
0.0,0.0
0.0,0.0
0.0,0.0
0.0,0.0
0.0,0.0
0.0,0.0
0.0,0.0
0.0,0.0
0.0,0.0
0.0,0.0
0.0,0.0
0.0,0.0
0.0,0.0
0.0,0.0
0.0,0.0
0.0,0.0
0.0,0.0
0.0,0.0
0.0,0.0
0.0,0.0
0.0,0.0
0.0,0.0
0.0,0.0
0.0,0.0
0.0,0.0
0.0,0.0
0.0,0.0
0.0,0.0
0.0,0.0
0.0,0.0
0.0,0.0
0.0,0.0
0.0,0.0
0.0,0.0
0.0,0.0
0.0,0.0
0.0,0.0
0.0,0.0
0.0,0.0
0.0,0.0
0.0,0.0
0.0,0.0
0.0,0.0
0.0,0.0
0.0,0.0
0.0,0.0
0.0,0.0
0.0,0.0
0.0,0.0
0.0,0.0
0.0,0.0
0.0,0.0
0.0,0.0
0.0,0.0
0.0,0.0
0.0,0.0
0.0,0.0
0.0,0.0
0.0,0.0
0.0,0.0
0.0,0.0
0.0,0.0
0.0,0.0
0.0,0.0
0.0,0.0
0.0,0.0
0.0,0.0
0.0,0.0
0.0,0.0
0.0,0.0
0.0,0.0
0.0,0.0
0.0,0.0
0.0,0.0
0.0,0.0
0.0,0.0
0.0,0.0
0.0,0.0
0.0,0.0
0.0,0.0
0.0,0.0
0.0,0.0
0.0,0.0
0.0,0.0
0.0,0.0
0.0,0.0
0.0,0.0
0.0,0.0
0.0,0.0
0.0,0.0
0.0,0.0
0.0,0.0
0.0,0.0
0.0,0.0
0.0,0.0
0.0,0.0
0.0,0.0
0.0,0.0
0.0,0.0
0.0,0.0
0.0,0.0
0.0,0.0
0.0,0.0
0.0,0.0
0.0,0.0
0.0,0.0
0.0,0.0
0.0,0.0
0.0,0.0
0.0,0.0
0.0,0.0
0.0,0.0
0.0,0.0
0.0,0.0
0.0,0.0
0.0,0.0
0.0,0.0
0.0,0.0
0.0,0.0
0.0,0.0
0.0,0.0
0.0,0.0
0.0,0.0
0.0,0.0
0.0,0.0
0.0,0.0
0.0,0.0
0.0,0.0
0.0,0.0
0.0,0.0
0.0,0.0
0.0,0.0
0.0,0.0
0.0,0.0
0.0,0.0
0.0,0.0
0.0,0.0
0.0,0.0
0.0,0.0
0.0,0.0
0.0,0.0
0.0,0.0
0.0,0.0
0.0,0.0
0.0,0.0
0.0,0.0
0.0,0.0
0.0,0.0
0.0,0.0
0.0,0.0
0.0,0.0
0.0,0.0
0.0,0.0
0.0,0.0
0.0,0.0
0.0,0.0
0.0,0.0
0.0,0.0
0.0,0.0
0.0,0.0
0.0,0.0
0.0,0.0
0.0,0.0
0.0,0.0
0.0,0.0
0.0,0.0
0.0,0.0
0.0,0.0
0.0,0.0
0.0,0.0
0.0,0.0
0.0,0.0
0.0,0.0
0.0,0.0
0.0,0.0
0.0,0.0
0.0,0.0
0.0,0.0
0.0,0.0
0.0,0.0
0.0,0.0
0.0,0.0
0.0,0.0
0.0,0.0
0.0,0.0
0.0,0.0
0.0,0.0
0.0,0.0
0.0,0.0
0.0,0.0
0.0,0.0
0.0,0.0
0.0,0.0
0.0,0.0
0.0,0.0
0.0,0.0
0.0,0.0
0.0,0.0
0.0,0.0
0.0,0.0
0.0,0.0
0.0,0.0
0.0,0.0
0.0,0.0
0.0,0.0
0.0,0.0
0.0,0.0
0.0,0.0
0.0,0.0
0.0,0.0
0.0,0.0
0.0,0.0
0.0,0.0
0.0,0.0
0.0,0.0
0.0,0.0
0.0,0.0
0.0,0.0
0.0,0.0
0.0,0.0
0.0,0.0
0.0,0.0
0.0,0.0
0.0,0.0
0.0,0.0
0.0,0.0
0.0,0.0
0.0,0.0
0.0,0.0
0.0,0.0
0.0,0.0
0.0,0.0
