Designator,Mid X,Mid Y,Rotation,Layer
B1,81.66,-23.12,0.0,top
BT1,45.53,-8.63,0.0,bottom
C1,52.9,-6.93,180.0,top
C10,68.590755,-9.767341,270.0,top
C11,57.579455,-17.848665,270.0,top
C12,73.39003,-9.76557,270.0,top
C13,48.48,-27.98,180.0,top
C14,69.27,-13.1835,90.0,top
C15,39.28,-72.47,0.0,top
C16,67.92,-13.1835,270.0,top
C17,41.460872,-7.605035,180.0,top
C18,44.52,-69.14,270.0,top
C19,43.17,-69.14,270.0,top
C2,63.029455,-17.828665,270.0,top
C20,26.42,-39.5,180.0,top
C21,83.3,-14.42,270.0,top
C22,48.981024,-16.175382,270.0,top
C23,84.66,-14.42,270.0,top
C24,92.384466,-14.914,90.0,top
C25,93.734466,-14.914,90.0,top
C26,26.42,-40.76,180.0,top
C27,98.834466,-13.0085,90.0,top
C28,100.184466,-13.0085,90.0,top
C29,89.064713,-14.909173,270.0,top
C3,26.42,-43.31,180.0,top
C30,101.534466,-13.0085,90.0,top
C31,90.414713,-14.909173,270.0,top
C32,32.362879,-17.313644,270.0,top
C33,93.594611,-57.227872,180.0,top
C34,93.594611,-54.847872,180.0,top
C35,30.922879,-19.043644,270.0,top
C36,82.317058,-34.399771,180.0,top
C37,32.362879,-23.033644,270.0,top
C38,29.572879,-19.043644,270.0,top
C39,31.012879,-23.033644,270.0,top
C4,26.42,-42.04,180.0,top
C40,28.222879,-19.043644,270.0,top
C41,86.164611,-52.057872,0.0,top
C42,86.164611,-50.707872,0.0,top
C43,34.710147,-14.699265,90.0,top
C44,82.317058,-35.669771,180.0,top
C45,82.317058,-36.939771,180.0,top
C46,36.920147,-14.699265,90.0,top
C47,97.992793,-54.696322,0.0,top
C48,36.987646,-36.46775,90.0,top
C49,38.447646,-33.61775,90.0,top
C5,26.42,-38.23,180.0,top
C50,36.987646,-33.61775,270.0,top
C51,38.447646,-36.46775,90.0,top
C52,104.342793,-53.576322,90.0,top
C53,105.692793,-53.576322,90.0,top
C54,74.27,-23.91,90.0,top
C55,92.797058,-33.619771,270.0,top
C56,94.147058,-33.619771,90.0,top
C57,92.797058,-36.469771,90.0,top
C58,94.147058,-36.459771,90.0,top
C6,26.42,-35.67,180.0,top
C7,26.4,-34.39,180.0,top
C8,26.42,-36.95,180.0,top
C9,67.24,-9.7635,270.0,top
D1,73.26,-4.8635,270.0,top
D10,103.96,-73.70275,270.0,top
D11,113.78,-9.06025,270.0,top
D2,12.759349,-6.10025,270.0,top
D3,12.76,-34.00025,270.0,top
D4,42.99975,-74.4,180.0,top
D5,53.0,-2.32,270.0,top
D6,49.0,-2.31,270.0,top
D7,45.0,-2.32,270.0,top
D8,77.5,-10.5,0.0,top
D9,114.1115,-67.89,0.0,bottom
J1,6.0,-74.5,180.0,top
J2,60.0,-3.6,180.0,top
J3,5.5,-6.1,90.0,top
J4,5.5,-34.0,90.0,top
J5,114.0,-74.5,180.0,top
J6,114.5,-14.0,270.0,top
L1,71.939826,-12.40082,180.0,top
L2,91.421981,-12.309255,0.0,top
L3,83.471481,-11.079255,180.0,top
L4,29.432879,-22.683644,270.0,top
L5,42.185147,-15.039265,90.0,top
Q1,53.34148,-14.930729,0.0,top
Q2,22.903015,-15.83432,0.0,top
Q3,42.210533,-19.209654,0.0,top
Q4,106.85,-10.0075,0.0,top
R1,52.86,-5.57,180.0,top
R10,26.38,-46.01,0.0,top
R11,64.709999,-8.959052,180.0,top
R12,48.48,-31.72,0.0,top
R13,26.37,-28.95,0.0,top
R14,48.48,-32.99,0.0,top
R15,26.37,-31.65,0.0,top
R16,26.37,-33.0,0.0,top
R17,26.37,-30.3,0.0,top
R18,41.42,-8.95,0.0,top
R19,46.578515,-18.812997,180.0,top
R2,63.029455,-14.328665,270.0,top
R20,51.375137,-17.462997,180.0,top
R21,48.49,-26.63,0.0,top
R22,46.568515,-17.462997,0.0,top
R23,51.385137,-18.812997,180.0,top
R24,39.32,-71.12,0.0,top
R25,48.49,-25.28,180.0,top
R26,26.38,-48.71,0.0,top
R27,26.38,-47.36,0.0,top
R28,46.91148,-13.706729,180.0,top
R29,49.808469,-13.706016,0.0,top
R3,3.507495,-67.589166,270.0,top
R30,51.5,-2.1,270.0,top
R31,47.5,-2.1,90.0,top
R32,55.02,-8.99,180.0,top
R33,86.124611,-49.357872,0.0,top
R34,82.277058,-33.049771,0.0,top
R35,71.64,-27.91,180.0,top
R36,71.65,-26.64,180.0,top
R37,67.05,-22.55,270.0,top
R38,64.52,-22.55,270.0,top
R39,63.24,-22.55,270.0,top
R4,12.63,-3.6,180.0,top
R40,61.97,-22.55,270.0,top
R41,60.7,-22.55,270.0,top
R42,39.566197,-20.969385,270.0,top
R43,38.196197,-20.959385,270.0,top
R44,93.584611,-53.497872,0.0,top
R45,93.584611,-58.577872,0.0,top
R46,82.277058,-31.699771,0.0,top
R47,82.277058,-38.249771,0.0,top
R48,59.44,-22.55,90.0,top
R49,20.080093,-14.360498,90.0,top
R5,12.62794,-31.497326,180.0,top
R50,20.080093,-17.200498,270.0,top
R51,39.030147,-16.009265,0.0,top
R52,38.220147,-18.109265,270.0,top
R53,39.580147,-18.119265,90.0,top
R54,25.860093,-17.200498,270.0,top
R55,25.860093,-14.360498,270.0,top
R56,46.26281,-5.639934,270.0,top
R57,97.952793,-53.336322,0.0,top
R58,37.737646,-42.01775,0.0,top
R59,97.952793,-56.056322,0.0,top
R6,26.39,-44.66,0.0,top
R60,55.6,-22.56,90.0,top
R61,58.14,-22.55,90.0,top
R62,56.87,-22.56,90.0,top
R63,71.669956,-32.984934,0.0,top
R64,71.67,-35.43,0.0,top
R65,71.67,-36.79,0.0,top
R66,71.67,-38.14,0.0,top
R67,105.09,-7.34,0.0,top
R68,103.742793,-56.136322,180.0,top
R69,85.2,-2.75,0.0,top
R7,12.63,-8.6,180.0,top
R70,100.21,-2.75,0.0,top
R71,110.63,-7.62,0.0,top
R72,93.547058,-42.029771,0.0,top
R8,12.637999,-36.496772,180.0,top
R9,64.7,-10.87,180.0,top
SW1,40.0,-4.075,180.0,top
SW2,45.222818,-27.674933,270.0,top
SW3,26.008236,-2.861782,180.0,top
SW4,80.0,-4.075,180.0,top
SW5,95.0,-4.075,180.0,top
TV1,60.014835,-9.912032,0.0,top
U1,60.309455,-16.098665,0.0,top
U10,60.069595,-34.04271,180.0,top
U11,35.810147,-17.289265,270.0,top
U12,32.081396,-38.8445,180.0,top
U13,101.622793,-53.746322,0.0,top
U14,87.890808,-38.846521,180.0,top
U2,69.89,-5.31,270.0,top
U3,70.99003,-9.63557,270.0,top
U4,39.36,-68.65,90.0,top
U5,47.09548,-15.396729,0.0,top
U6,96.284466,-13.184,0.0,top
U7,86.824466,-13.884,0.0,top
U8,33.850379,-20.328644,0.0,top
U9,88.012819,-57.312377,180.0,top
VR1,18.55,-70.825,180.0,top
VR2,7.0,-17.225,180.0,top
VR3,7.0,-45.225,180.0,top
VR4,60.0,-70.825,180.0,top
VR5,95.0,-70.825,180.0,top
VR6,113.0,-29.797,180.0,top
VR7,113.0,-55.425,180.0,top
